20.12.2017, 07:28;3.9710210469594146e+23
02.01.2018, 11:28;6.678434726570449e+23
08.01.2018, 14:56;3.9710210469594146e+23
10.01.2018, 09:04;3.3392173632852246e+23
14.01.2018, 18:24;2.8079359105395056e+23
16.01.2018, 12:32;2.361183241434845e+23
17.01.2018, 09:36;1.1805916207174224e+23
19.01.2018, 03:44;8.348043408213058e+22
20.01.2018, 00:48;7.94204209391883e+23
20.01.2018, 00:49;1.33568694531409e+24
20.01.2018, 00:50;2.2463487284316056e+24
20.01.2018, 00:51;3.7778931862957543e+24
20.01.2018, 21:56;5.342747781256361e+24
21.01.2018, 18:56;7.55578637259151e+24
22.01.2018, 16:00;1.0685495562512725e+25
22.01.2018, 16:01;1.797078982745285e+25
23.01.2018, 13:04;6.353633675135068e+24
25.01.2018, 07:12;5.342747781256361e+24
26.01.2018, 04:16;3.7778931862957543e+24
27.01.2018, 22:24;1.797078982745285e+25
28.01.2018, 19:28;6.04462909807321e+25
31.01.2018, 10:40;5.082906940108056e+25
02.02.2018, 04:48;6.04462909807321e+25
03.02.2018, 01:52;1.4376631861962286e+26
06.02.2018, 14:08;1.0165813880216113e+26
07.02.2018, 11:12;6.04462909807321e+25
09.02.2018, 08:32;3.0223145490366047e+25
09.02.2018, 08:33;5.082906940108056e+25
11.02.2018, 09:04;3.5941579654905706e+25
11.02.2018, 09:05;6.04462909807321e+25
13.02.2018, 09:36;4.274198225005091e+25
14.02.2018, 09:53;6.04462909807321e+25
16.02.2018, 10:25;5.082906940108056e+25
22.02.2018, 12:02;4.274198225005091e+25
27.02.2018, 13:23;1.797078982745285e+25
28.02.2018, 13:39;2.5414534700540275e+25
01.03.2018, 13:55;1.2707267350270135e+25
02.03.2018, 14:11;6.353633675135068e+24
02.03.2018, 14:12;1.797078982745285e+25
03.03.2018, 14:28;2.5414534700540275e+25
03.03.2018, 14:29;8.548396450010184e+25
04.03.2018, 14:44;1.2089258196146422e+26
06.03.2018, 15:16;1.4376631861962286e+26
07.03.2018, 15:32;2.033162776043223e+26
07.03.2018, 15:33;3.419358580004074e+26
07.03.2018, 15:34;5.7506527447849164e+26
07.03.2018, 15:35;9.67140655691714e+26
08.03.2018, 15:49;1.0165813880216113e+26
09.03.2018, 16:05;6.04462909807321e+25
09.03.2018, 16:06;1.4376631861962286e+26
10.03.2018, 16:21;8.548396450010184e+25
12.03.2018, 16:53;1.0165813880216113e+26
13.03.2018, 17:09;1.4376631861962286e+26
14.03.2018, 17:26;7.188315930981142e+25
15.03.2018, 17:42;1.0685495562512725e+25
15.03.2018, 17:43;1.797078982745285e+25
15.03.2018, 17:44;3.5941579654905706e+25
16.03.2018, 17:58;7.55578637259151e+24
18.03.2018, 18:30;8.985394913726424e+24
19.03.2018, 18:47;1.2707267350270135e+25
20.03.2018, 19:03;1.797078982745285e+25
21.03.2018, 19:19;5.342747781256361e+24
21.03.2018, 19:20;1.0685495562512725e+25
23.03.2018, 19:51;3.1768168375675333e+24
24.03.2018, 20:07;4.4926974568632116e+24
26.03.2018, 20:40;2.671373890628181e+24
30.03.2018, 21:44;1.888946593147877e+24
01.04.2018, 22:17;1.5884084187837664e+24
02.04.2018, 22:33;1.1231743642158025e+24
02.04.2018, 22:34;2.2463487284316056e+24
03.04.2018, 22:49;7.94204209391883e+23
03.04.2018, 22:50;3.1768168375675333e+24
04.04.2018, 23:05;5.615871821079012e+23
04.04.2018, 23:06;1.33568694531409e+24
05.04.2018, 23:22;1.669608681642612e+23
05.04.2018, 23:23;2.8079359105395056e+23
06.04.2018, 23:38;8.348043408213058e+22
09.04.2018, 00:10;9.927552617398535e+22
11.04.2018, 00:42;8.348043408213058e+22
12.04.2018, 00:59;5.902958103587111e+22
12.04.2018, 01:00;1.1805916207174224e+23
14.04.2018, 01:31;1.4039679552697526e+23
24.04.2018, 04:13;9.927552617398535e+22
26.04.2018, 04:45;1.1805916207174224e+23
27.04.2018, 05:01;1.669608681642612e+23
04.05.2018, 06:55;2.361183241434845e+23
08.05.2018, 07:59;2.361183241434845e+23
17.05.2018, 04:53;1.9855105234797073e+23
22.05.2018, 02:16;1.669608681642612e+23
28.05.2018, 22:37;1.1805916207174224e+23
03.06.2018, 19:29;1.4039679552697526e+23
05.06.2018, 18:26;1.669608681642612e+23
05.06.2018, 18:27;2.8079359105395056e+23
07.06.2018, 17:24;1.4039679552697526e+23
11.06.2018, 15:19;3.9710210469594146e+23
13.06.2018, 14:16;2.361183241434845e+23
17.06.2018, 12:11;6.678434726570449e+23
19.06.2018, 11:08;5.615871821079012e+23
02.07.2018, 04:21;1.33568694531409e+24
06.07.2018, 02:16;9.444732965739383e+23
07.07.2018, 01:45;3.9710210469594146e+23
19.07.2018, 18:58;5.615871821079012e+23
21.07.2018, 17:55;3.9710210469594146e+23
22.07.2018, 17:24;1.669608681642612e+23
23.07.2018, 16:53;2.361183241434845e+23
27.07.2018, 14:47;3.3392173632852246e+23
28.07.2018, 14:16;4.722366482869691e+23
10.08.2018, 07:29;4.722366482869691e+23
12.08.2018, 06:26;3.3392173632852246e+23
14.08.2018, 05:24;2.8079359105395056e+23
14.08.2018, 05:25;4.722366482869691e+23
16.08.2018, 04:21;3.3392173632852246e+23
18.08.2018, 03:19;3.9710210469594146e+23
20.08.2018, 02:16;1.33568694531409e+24
24.08.2018, 00:11;9.444732965739383e+23
26.08.2018, 22:37;2.671373890628181e+24
02.09.2018, 18:58;2.671373890628181e+24
06.09.2018, 16:53;3.1768168375675333e+24
09.09.2018, 15:19;3.1768168375675333e+24
11.09.2018, 14:16;3.7778931862957543e+24
12.09.2018, 13:45;5.342747781256361e+24
13.09.2018, 13:13;2.671373890628181e+24
13.09.2018, 13:14;7.55578637259151e+24
14.09.2018, 12:42;9.444732965739383e+23
14.09.2018, 12:43;1.5884084187837664e+24
14.09.2018, 12:44;3.7778931862957543e+24
15.09.2018, 12:11;3.3392173632852246e+23
15.09.2018, 12:12;5.615871821079012e+23
15.09.2018, 12:13;2.2463487284316056e+24
15.09.2018, 12:14;5.342747781256361e+24
16.09.2018, 11:40;3.1768168375675333e+24
17.09.2018, 11:08;4.4926974568632116e+24
18.09.2018, 10:37;6.353633675135068e+24
19.09.2018, 10:06;3.7778931862957543e+24
19.09.2018, 10:07;8.985394913726424e+24
20.09.2018, 09:34;5.342747781256361e+24
21.09.2018, 09:03;2.671373890628181e+24
22.09.2018, 08:32;3.7778931862957543e+24
23.09.2018, 08:00;5.342747781256361e+24
25.09.2018, 06:58;6.353633675135068e+24
26.09.2018, 06:26;8.985394913726424e+24
26.09.2018, 06:27;1.5111572745183021e+25
27.09.2018, 05:55;2.1370991125025455e+25
28.09.2018, 05:24;1.2707267350270135e+25
28.09.2018, 05:25;3.0223145490366047e+25
29.09.2018, 04:53;1.797078982745285e+25
29.09.2018, 04:54;4.274198225005091e+25
29.09.2018, 04:55;1.0165813880216113e+26
29.09.2018, 04:56;2.4178516392292848e+26
30.09.2018, 04:21;4.8357032784585696e+26
30.09.2018, 04:22;8.132651104172893e+26
30.09.2018, 04:23;1.3677434320016302e+27
02.10.2018, 03:19;1.1501305489569834e+27
02.10.2018, 03:20;1.9342813113834284e+27
03.10.2018, 02:47;2.7354868640032604e+27
04.10.2018, 02:16;3.5941579654905706e+25
04.10.2018, 02:17;6.04462909807321e+25
04.10.2018, 02:18;1.0165813880216113e+26
04.10.2018, 02:19;2.033162776043223e+26
04.10.2018, 02:20;4.066325552086446e+26
04.10.2018, 02:21;6.83871716000815e+26
05.10.2018, 01:45;1.5111572745183021e+25
05.10.2018, 01:46;2.5414534700540275e+25
06.10.2018, 01:13;4.274198225005091e+25
06.10.2018, 01:14;1.2089258196146422e+26
07.10.2018, 00:42;3.0223145490366047e+25
07.10.2018, 00:43;8.548396450010184e+25
08.10.2018, 23:40;1.0165813880216113e+26
10.10.2018, 22:37;6.04462909807321e+25
10.10.2018, 22:38;1.2089258196146422e+26
14.10.2018, 20:32;5.082906940108056e+25
16.10.2018, 19:29;6.04462909807321e+25
16.10.2018, 19:30;1.0165813880216113e+26
16.10.2018, 19:31;1.709679290002037e+26
16.10.2018, 19:32;2.8753263723924575e+26
18.10.2018, 18:26;5.082906940108056e+25
18.10.2018, 18:27;8.548396450010184e+25
18.10.2018, 18:28;1.4376631861962286e+26
20.10.2018, 17:24;3.5941579654905706e+25
22.10.2018, 16:21;3.0223145490366047e+25
22.10.2018, 16:22;1.4376631861962286e+26
23.10.2018, 15:50;6.04462909807321e+25
23.10.2018, 15:51;1.0165813880216113e+26
23.10.2018, 15:52;2.4178516392292848e+26
25.10.2018, 14:47;4.274198225005091e+25
28.10.2018, 13:13;4.274198225005091e+25
30.10.2018, 12:11;3.0223145490366047e+25
31.10.2018, 11:40;4.274198225005091e+25
02.11.2018, 10:37;5.082906940108056e+25
05.11.2018, 07:29;2.1370991125025455e+25
06.11.2018, 06:26;1.0685495562512725e+25
07.11.2018, 05:24;1.5111572745183021e+25
08.11.2018, 04:21;2.671373890628181e+24
08.11.2018, 04:22;4.4926974568632116e+24
08.11.2018, 04:23;7.55578637259151e+24
10.11.2018, 02:16;2.2463487284316056e+24
12.11.2018, 00:11;1.888946593147877e+24
12.11.2018, 23:09;2.671373890628181e+24
12.11.2018, 23:10;4.4926974568632116e+24
13.11.2018, 22:06;6.353633675135068e+24
14.11.2018, 21:03;1.5884084187837664e+24
14.11.2018, 21:04;3.1768168375675333e+24
15.11.2018, 20:00;9.444732965739383e+23
16.11.2018, 18:58;1.33568694531409e+24
17.11.2018, 17:55;7.94204209391883e+23
18.11.2018, 16:53;1.1231743642158025e+24
18.11.2018, 16:54;1.888946593147877e+24
20.11.2018, 14:47;6.678434726570449e+23
20.11.2018, 14:48;1.33568694531409e+24
20.11.2018, 14:49;2.2463487284316056e+24
20.11.2018, 14:50;4.4926974568632116e+24
21.11.2018, 13:45;3.1768168375675333e+24
22.11.2018, 12:42;1.5884084187837664e+24
23.11.2018, 11:40;3.7778931862957543e+24
24.11.2018, 10:37;1.33568694531409e+24
25.11.2018, 09:34;9.444732965739383e+23
25.11.2018, 09:35;1.888946593147877e+24
25.11.2018, 09:36;3.1768168375675333e+24
26.11.2018, 08:32;6.678434726570449e+23
27.11.2018, 07:29;3.9710210469594146e+23
27.11.2018, 07:30;1.1231743642158025e+24
27.11.2018, 07:31;2.2463487284316056e+24
28.11.2018, 06:26;5.615871821079012e+23
29.11.2018, 05:24;7.94204209391883e+23
01.12.2018, 03:19;9.444732965739383e+23
03.12.2018, 01:13;7.94204209391883e+23
03.12.2018, 01:14;3.1768168375675333e+24
04.12.2018, 00:11;1.797078982745285e+25
04.12.2018, 00:12;3.0223145490366047e+25
04.12.2018, 00:13;6.04462909807321e+25
04.12.2018, 00:14;1.0165813880216113e+26
04.12.2018, 23:12;4.274198225005091e+25
05.12.2018, 22:06;2.1370991125025455e+25
07.12.2018, 20:00;1.2707267350270135e+25
08.12.2018, 18:58;1.797078982745285e+25
09.12.2018, 17:55;2.5414534700540275e+25
10.12.2018, 16:53;3.5941579654905706e+25
15.12.2018, 11:40;2.5414534700540275e+25
17.12.2018, 09:34;3.5941579654905706e+25
21.12.2018, 05:24;6.04462909807321e+25
23.12.2018, 03:19;5.082906940108056e+25
23.12.2018, 03:20;8.548396450010184e+25
24.12.2018, 02:16;1.2089258196146422e+26
27.12.2018, 22:06;2.8753263723924575e+26
29.12.2018, 20:00;2.033162776043223e+26
30.12.2018, 18:58;1.4376631861962286e+26
01.01.2019, 16:53;1.709679290002037e+26
03.01.2019, 14:47;1.4376631861962286e+26
06.01.2019, 11:40;6.04462909807321e+25
13.01.2019, 04:21;5.082906940108056e+25
14.01.2019, 03:19;3.5941579654905706e+25
17.01.2019, 23:08;3.0223145490366047e+25
18.01.2019, 22:06;2.1370991125025455e+25
20.01.2019, 20:00;2.5414534700540275e+25
23.01.2019, 16:53;3.0223145490366047e+25
30.01.2019, 14:47;3.5941579654905706e+25
01.02.2019, 14:47;2.5414534700540275e+25
03.02.2019, 14:47;3.0223145490366047e+25
05.02.2019, 14:47;1.797078982745285e+25
05.02.2019, 14:48;3.5941579654905706e+25
07.02.2019, 14:47;1.5111572745183021e+25
14.02.2019, 14:47;1.5111572745183021e+25
16.02.2019, 14:47;1.797078982745285e+25
16.02.2019, 14:48;3.0223145490366047e+25
16.02.2019, 14:49;5.082906940108056e+25
17.02.2019, 14:47;1.2707267350270135e+25
18.02.2019, 14:47;8.985394913726424e+24
19.02.2019, 14:47;6.353633675135068e+24
20.02.2019, 14:47;1.0685495562512725e+25
04.03.2019, 14:47;1.5111572745183021e+25
25.03.2019, 14:47;2.5414534700540275e+25
31.03.2019, 14:47;7.188315930981142e+25
31.03.2019, 14:48;1.2089258196146422e+26
01.04.2019, 14:47;5.082906940108056e+25
02.04.2019, 14:47;8.985394913726424e+24
02.04.2019, 14:48;1.797078982745285e+25
02.04.2019, 14:49;3.0223145490366047e+25
03.04.2019, 14:47;4.4926974568632116e+24
03.04.2019, 14:48;1.2707267350270135e+25
03.04.2019, 14:49;4.274198225005091e+25
04.04.2019, 14:47;2.1370991125025455e+25
05.04.2019, 14:47;3.0223145490366047e+25
05.04.2019, 14:48;5.082906940108056e+25
08.04.2019, 14:47;1.4376631861962286e+26
09.04.2019, 14:47;2.033162776043223e+26
11.04.2019, 14:47;4.8357032784585696e+26
12.04.2019, 14:47;6.83871716000815e+26
12.04.2019, 14:48;1.1501305489569834e+27
14.04.2019, 14:47;1.3677434320016302e+27
15.04.2019, 14:47;6.83871716000815e+26
17.04.2019, 14:47;4.8357032784585696e+26
19.04.2019, 14:47;5.7506527447849164e+26
24.04.2019, 14:47;1.1501305489569834e+27
26.04.2019, 14:47;6.83871716000815e+26
28.04.2019, 14:47;4.066325552086446e+26
29.04.2019, 14:47;1.709679290002037e+26
30.04.2019, 14:47;2.4178516392292848e+26
02.05.2019, 14:47;2.033162776043223e+26
05.05.2019, 14:47;2.033162776043223e+26
06.05.2019, 14:47;2.8753263723924575e+26
08.05.2019, 14:47;2.033162776043223e+26
09.05.2019, 14:47;2.8753263723924575e+26
13.05.2019, 14:47;2.4178516392292848e+26
15.05.2019, 14:47;2.8753263723924575e+26
22.05.2019, 14:47;4.066325552086446e+26
26.05.2019, 14:47;2.033162776043223e+26
30.05.2019, 14:47;2.4178516392292848e+26
01.06.2019, 14:47;2.8753263723924575e+26
03.06.2019, 14:47;2.4178516392292848e+26
05.06.2019, 14:47;1.709679290002037e+26
11.06.2019, 14:47;1.4376631861962286e+26
14.06.2019, 14:47;1.709679290002037e+26
16.06.2019, 14:47;1.2089258196146422e+26
16.06.2019, 14:48;2.033162776043223e+26
18.06.2019, 14:47;8.548396450010184e+25
20.06.2019, 14:47;7.188315930981142e+25
24.06.2019, 14:47;6.04462909807321e+25
25.06.2019, 14:47;3.0223145490366047e+25
25.06.2019, 14:48;8.548396450010184e+25
26.06.2019, 14:47;4.274198225005091e+25
26.06.2019, 14:48;1.2089258196146422e+26
28.06.2019, 14:47;3.0223145490366047e+25
29.06.2019, 14:47;1.797078982745285e+25
30.06.2019, 14:47;2.671373890628181e+24
30.06.2019, 14:48;4.4926974568632116e+24
30.06.2019, 14:49;7.55578637259151e+24
02.07.2019, 14:47;1.33568694531409e+24
02.07.2019, 14:48;2.2463487284316056e+24
02.07.2019, 14:49;3.7778931862957543e+24
03.07.2019, 14:47;7.94204209391883e+23
04.07.2019, 14:47;1.1231743642158025e+24
06.07.2019, 14:47;6.678434726570449e+23
06.07.2019, 14:48;1.33568694531409e+24
07.07.2019, 14:47;9.444732965739383e+23
08.07.2019, 14:47;4.722366482869691e+23
09.07.2019, 14:47;2.361183241434845e+23
09.07.2019, 14:48;6.678434726570449e+23
09.07.2019, 14:49;1.1231743642158025e+24
11.07.2019, 14:47;5.615871821079012e+23
11.07.2019, 14:48;9.444732965739383e+23
13.07.2019, 14:47;3.3392173632852246e+23
13.07.2019, 14:48;6.678434726570449e+23
14.07.2019, 14:47;2.361183241434845e+23
15.07.2019, 14:47;3.9710210469594146e+23
16.07.2019, 14:47;2.8079359105395056e+23
16.07.2019, 14:48;5.615871821079012e+23
18.07.2019, 14:47;3.3392173632852246e+23
18.07.2019, 14:48;6.678434726570449e+23
19.07.2019, 14:47;2.361183241434845e+23
20.07.2019, 14:47;3.9710210469594146e+23
20.07.2019, 14:48;7.94204209391883e+23
21.07.2019, 14:47;5.615871821079012e+23
23.07.2019, 14:47;3.3392173632852246e+23
26.07.2019, 14:00;1.9855105234797073e+23
27.07.2019, 13:13;2.8079359105395056e+23
28.07.2019, 12:26;1.669608681642612e+23
03.08.2019, 07:45;2.8079359105395056e+23
04.08.2019, 06:58;1.4039679552697526e+23
06.08.2019, 05:24;1.1805916207174224e+23
09.08.2019, 03:03;9.927552617398535e+22
11.08.2019, 01:29;1.1805916207174224e+23
12.08.2019, 23:55;9.927552617398535e+22
13.08.2019, 23:08;7.019839776348762e+22
15.08.2019, 21:34;5.902958103587111e+22
17.08.2019, 20:00;4.174021704106529e+22
17.08.2019, 20:01;7.019839776348762e+22
18.08.2019, 19:13;2.951479051793555e+22
19.08.2019, 18:26;4.9637763086992665e+22
20.08.2019, 17:40;2.087010852053264e+22
20.08.2019, 17:41;3.5099198881743807e+22
23.08.2019, 15:19;2.951479051793555e+22
24.08.2019, 14:32;1.4757395258967773e+22
25.08.2019, 13:45;1.0435054260266318e+22
26.08.2019, 12:58;4.387399860217974e+21
26.08.2019, 12:59;7.378697629483886e+21
29.08.2019, 10:37;3.6893488147419423e+21
31.08.2019, 09:03;2.1936999301089867e+21
31.08.2019, 09:04;4.387399860217974e+21
01.09.2019, 08:16;3.10236019293704e+21
01.09.2019, 08:17;6.204720385874081e+21
02.09.2019, 07:29;1.844674407370971e+21
04.09.2019, 05:55;1.3043817825332893e+21
06.09.2019, 04:21;1.0968499650544932e+21
08.09.2019, 02:47;1.3043817825332893e+21
14.09.2019, 21:19;9.223372036854854e+20
18.09.2019, 18:11;9.223372036854854e+20
19.09.2019, 17:24;6.521908912666446e+20
21.09.2019, 15:50;5.484249825272465e+20
01.10.2019, 08:00;4.6116860184274266e+20
03.10.2019, 06:26;3.877950241171299e+20
05.10.2019, 04:53;3.2609544563332225e+20
09.10.2019, 01:45;3.877950241171299e+20
11.10.2019, 00:11;3.2609544563332225e+20
21.10.2019, 15:34;3.2609544563332225e+20
23.10.2019, 14:00;2.7421249126362323e+20
23.10.2019, 14:01;4.6116860184274266e+20
29.10.2019, 09:19;2.7421249126362323e+20
01.11.2019, 06:58;2.7421249126362323e+20
04.11.2019, 04:37;2.7421249126362323e+20
13.11.2019, 20:47;1.938975120585649e+20
19.11.2019, 16:06;1.371062456318116e+20
21.11.2019, 14:32;3.2609544563332225e+20
23.11.2019, 12:58;6.521908912666446e+20
25.11.2019, 11:24;5.484249825272465e+20
25.11.2019, 11:25;9.223372036854854e+20
26.11.2019, 10:37;2.7421249126362323e+20
01.12.2019, 06:42;2.7421249126362323e+20
03.12.2019, 05:08;1.938975120585649e+20
08.12.2019, 01:13;1.938975120585649e+20
13.12.2019, 20:32;6.855312281590579e+19
13.12.2019, 20:33;1.1529215046068563e+20
14.12.2019, 19:45;4.847437801464121e+19
15.12.2019, 18:58;3.427656140795289e+19
16.12.2019, 18:11;5.764607523034281e+19
17.12.2019, 17:24;2.88230376151714e+19
17.12.2019, 17:25;8.152386140833055e+19
17.12.2019, 17:26;1.371062456318116e+20
19.12.2019, 15:50;4.847437801464121e+19
20.12.2019, 15:03;3.427656140795289e+19
21.12.2019, 14:16;1.7138280703976442e+19
22.12.2019, 13:29;1.0190482676041314e+19
22.12.2019, 13:30;2.42371890073206e+19
23.12.2019, 12:42;1.4411518807585698e+19
25.12.2019, 11:08;1.0190482676041314e+19
26.12.2019, 10:21;1.4411518807585698e+19
28.12.2019, 08:47;8.56914035198822e+18
30.12.2019, 07:13;5.095241338020656e+18
03.01.2020, 04:06;7.205759403792848e+18
04.01.2020, 03:19;1.0190482676041314e+19
05.01.2020, 02:32;1.4411518807585698e+19
06.01.2020, 01:45;2.42371890073206e+19
07.01.2020, 00:58;1.21185945036603e+19
08.01.2020, 23:24;8.56914035198822e+18
09.01.2020, 22:37;3.6028797018964234e+18
09.01.2020, 22:38;6.059297251830149e+18
10.01.2020, 21:50;2.677856359996317e+17
10.01.2020, 21:51;4.5035996273705274e+17
10.01.2020, 21:52;7.574121564787683e+17
10.01.2020, 21:53;1.5148243129575368e+18
10.01.2020, 21:54;2.5476206690103276e+18
11.01.2020, 21:03;2.814749767106578e+16
11.01.2020, 21:04;1.1258999068426315e+17
11.01.2020, 21:05;1.8935303911969203e+17
12.01.2020, 20:16;1759218604441610.5
12.01.2020, 20:17;4184150562494242.0
12.01.2020, 20:18;7036874417766443.0
12.01.2020, 20:19;1.1834564944980746e+16
12.01.2020, 20:20;1.990328647664317e+16
12.01.2020, 20:21;3.980657295328634e+16
12.01.2020, 20:22;6.69464089999079e+16
12.01.2020, 20:23;3.184525836262908e+17
12.01.2020, 20:24;5.355712719992635e+17
13.01.2020, 19:29;1.3389281799981584e+17
15.01.2020, 19:29;6.369051672525818e+17
15.01.2020, 19:30;1.2738103345051638e+18
15.01.2020, 19:31;2.5476206690103276e+18
16.01.2020, 19:29;1.8014398509482115e+18
16.01.2020, 19:30;3.6028797018964234e+18
16.01.2020, 19:31;6.059297251830149e+18
16.01.2020, 19:32;1.7138280703976442e+19
16.01.2020, 19:33;2.88230376151714e+19
17.01.2020, 19:29;8.56914035198822e+18
17.01.2020, 19:30;4.0761930704165265e+19
18.01.2020, 19:29;2.1422850879970545e+18
18.01.2020, 19:30;4.2845701759941094e+18
18.01.2020, 19:31;1.21185945036603e+19
18.01.2020, 19:32;2.038096535208263e+19
19.01.2020, 19:29;3.029648625915074e+18
19.01.2020, 19:30;6.059297251830149e+18
19.01.2020, 19:31;2.88230376151714e+19
20.01.2020, 19:29;8.56914035198822e+18
20.01.2020, 19:30;1.4411518807585698e+19
20.01.2020, 19:31;4.0761930704165265e+19
21.01.2020, 19:29;2.038096535208263e+19
22.01.2020, 19:29;2.88230376151714e+19
22.01.2020, 19:30;4.847437801464121e+19
22.01.2020, 19:31;8.152386140833055e+19
22.01.2020, 19:32;1.371062456318116e+20
23.01.2020, 19:29;1.7138280703976442e+19
23.01.2020, 19:30;1.938975120585649e+20
24.01.2020, 19:29;2.42371890073206e+19
24.01.2020, 19:30;4.0761930704165265e+19
24.01.2020, 19:31;6.855312281590579e+19
24.01.2020, 19:32;1.1529215046068563e+20
24.01.2020, 19:33;2.7421249126362323e+20
25.01.2020, 19:29;1.630477228166611e+20
26.01.2020, 19:29;2.5476206690103276e+18
26.01.2020, 19:30;5.095241338020656e+18
26.01.2020, 19:31;8.56914035198822e+18
26.01.2020, 19:32;1.4411518807585698e+19
26.01.2020, 19:33;2.88230376151714e+19
26.01.2020, 19:34;4.847437801464121e+19
26.01.2020, 19:35;8.152386140833055e+19
27.01.2020, 19:29;1.2738103345051638e+18
28.01.2020, 19:29;1.8014398509482115e+18
29.01.2020, 19:29;9.007199254741056e+17
29.01.2020, 19:30;1.0190482676041314e+19
30.01.2020, 19:29;1.2738103345051638e+18
30.01.2020, 19:30;2.1422850879970545e+18
30.01.2020, 19:31;3.6028797018964234e+18
30.01.2020, 19:32;7.205759403792848e+18
31.01.2020, 19:29;4.5035996273705274e+17
31.01.2020, 19:30;7.574121564787683e+17
31.01.2020, 19:31;5.095241338020656e+18
31.01.2020, 19:32;1.21185945036603e+19
01.02.2020, 19:29;1.0711425439985271e+18
01.02.2020, 19:30;1.8014398509482115e+18
01.02.2020, 19:31;3.029648625915074e+18
01.02.2020, 19:32;8.56914035198822e+18
01.02.2020, 19:33;2.038096535208263e+19
02.02.2020, 19:29;2.814749767106578e+16
02.02.2020, 19:30;5.629499534213157e+16
02.02.2020, 19:31;9.4676519559846e+16
02.02.2020, 19:32;1.592262918131454e+17
02.02.2020, 19:33;2.677856359996317e+17
02.02.2020, 19:34;5.355712719992635e+17
02.02.2020, 19:35;6.059297251830149e+18
03.02.2020, 19:29;9951643238321582.0
03.02.2020, 19:30;1.6736602249976972e+16
03.02.2020, 19:31;3.980657295328634e+16
05.02.2020, 19:29;109951162777600.6
05.02.2020, 19:30;310988851197549.25
05.02.2020, 19:31;1046037640623560.2
05.02.2020, 19:32;1759218604441610.5
05.02.2020, 19:33;2958641236245185.5
05.02.2020, 19:34;4975821619160790.0
05.02.2020, 19:35;8368301124988485.0
06.02.2020, 19:29;54975581388800.29
06.02.2020, 19:30;155494425598774.6
06.02.2020, 19:31;439804651110402.5
06.02.2020, 19:32;739660309061296.1
07.02.2020, 19:29;16344338134743.12
07.02.2020, 19:30;27487790694400.14
07.02.2020, 19:31;77747212799387.28
07.02.2020, 19:32;219902325555201.22
07.02.2020, 19:33;1243955404790197.2
07.02.2020, 19:34;2092075281247120.8
08.02.2020, 19:29;38873606399693.64
08.02.2020, 19:30;109951162777600.6
08.02.2020, 19:31;310988851197549.25
08.02.2020, 19:32;523018820311780.06
08.02.2020, 19:33;879609302220805.1
09.02.2020, 19:29;2889298082270.69
09.02.2020, 19:30;4859200799961.7
09.02.2020, 19:31;11557192329082.74
09.02.2020, 19:32;19436803199846.82
09.02.2020, 19:33;54975581388800.29
09.02.2020, 19:34;155494425598774.6
10.02.2020, 19:29;6871947673600.03
10.02.2020, 19:30;27487790694400.14
11.02.2020, 19:29;9718401599923.41
11.02.2020, 19:30;16344338134743.12
12.02.2020, 19:29;4859200799961.7
12.02.2020, 19:30;23114384658165.49
12.02.2020, 19:31;38873606399693.64
13.02.2020, 19:29;6871947673600.03
13.02.2020, 19:30;11557192329082.74
14.02.2020, 19:29;16344338134743.12
14.02.2020, 19:30;27487790694400.14
14.02.2020, 19:31;46228769316330.98
15.02.2020, 19:29;4859200799961.7
15.02.2020, 19:30;8172169067371.56
16.02.2020, 19:29;13743895347200.07
16.02.2020, 19:30;23114384658165.49
16.02.2020, 19:31;38873606399693.64
16.02.2020, 19:32;65377352538972.48
18.02.2020, 19:29;77747212799387.28
18.02.2020, 19:30;130754705077944.97
18.02.2020, 19:31;369830154530648.06
19.02.2020, 19:29;54975581388800.29
19.02.2020, 19:30;184915077265324.0
20.02.2020, 19:29;92457538632661.98
20.02.2020, 19:30;261509410155889.97
20.02.2020, 19:31;439804651110402.5
21.02.2020, 19:29;65377352538972.48
21.02.2020, 19:30;130754705077944.97
21.02.2020, 19:31;621977702395098.5
23.02.2020, 19:29;54975581388800.29
23.02.2020, 19:30;92457538632661.98
25.02.2020, 19:29;46228769316330.98
25.02.2020, 19:30;77747212799387.28
26.02.2020, 19:29;8172169067371.56
26.02.2020, 19:30;13743895347200.07
26.02.2020, 19:31;23114384658165.49
26.02.2020, 19:32;109951162777600.6
27.02.2020, 19:29;2889298082270.69
27.02.2020, 19:30;4859200799961.7
28.02.2020, 19:29;180581130141.92
28.02.2020, 19:30;303700049997.61
28.02.2020, 19:31;510760566710.72
28.02.2020, 19:32;858993459200.0
28.02.2020, 19:33;1717986918400.01
01.03.2020, 19:29;75925012499.4
01.03.2020, 19:30;127690141677.68
01.03.2020, 19:31;214748364800.0
03.03.2020, 19:29;107374182400.0
03.03.2020, 19:30;180581130141.92
04.03.2020, 19:29;255380283355.36
05.03.2020, 19:29;37962506249.7
05.03.2020, 19:30;63845070838.84
05.03.2020, 19:31;127690141677.68
06.03.2020, 19:29;5643160316.93
06.03.2020, 19:30;9490626562.43
06.03.2020, 19:31;22572641267.74
07.03.2020, 19:29;419430400.0
07.03.2020, 19:30;705395039.62
07.03.2020, 19:31;1186328320.3
07.03.2020, 19:32;2372656640.61
09.03.2020, 19:29;498789615.93
09.03.2020, 19:30;838860800.0
10.03.2020, 19:29;352697519.81
11.03.2020, 19:29;593164160.15
11.03.2020, 19:30;997579231.86
12.03.2020, 19:29;1410790079.23
12.03.2020, 19:30;5643160316.93
12.03.2020, 19:31;9490626562.43
12.03.2020, 19:32;22572641267.74
13.03.2020, 19:29;1995158463.71
13.03.2020, 19:30;3355443200.0
13.03.2020, 19:31;13421772800.0
13.03.2020, 19:32;31922535419.42
13.03.2020, 19:33;53687091200.0
14.03.2020, 19:29;1186328320.3
14.03.2020, 19:30;4745313281.21
14.03.2020, 19:31;7980633854.86
15.03.2020, 19:29;1677721600.0
15.03.2020, 19:30;2821580158.47
17.03.2020, 19:29;1186328320.3
17.03.2020, 19:30;1995158463.71
18.03.2020, 19:29;593164160.15
19.03.2020, 19:29;419430400.0
19.03.2020, 19:30;838860800.0
19.03.2020, 19:31;1410790079.23
21.03.2020, 19:29;997579231.86
21.03.2020, 19:30;1677721600.0
23.03.2020, 19:29;838860800.0
23.03.2020, 19:30;1410790079.23
24.03.2020, 19:29;498789615.93
24.03.2020, 19:30;1995158463.71
25.03.2020, 19:29;997579231.86
25.03.2020, 19:30;2821580158.47
26.03.2020, 19:29;1410790079.23
26.03.2020, 19:30;3990316927.43
26.03.2020, 19:31;6710886400.0
27.03.2020, 19:29;1995158463.71
27.03.2020, 19:30;9490626562.43
28.03.2020, 19:29;18981253124.85
28.03.2020, 19:30;75925012499.4
28.03.2020, 19:31;127690141677.68
30.03.2020, 19:29;22572641267.74
30.03.2020, 19:30;53687091200.0
31.03.2020, 19:29;15961267709.71
31.03.2020, 19:30;31922535419.42
01.04.2020, 19:29;45145282535.48
02.04.2020, 19:29;13421772800.0
02.04.2020, 19:30;22572641267.74
03.04.2020, 19:29;31922535419.42
04.04.2020, 19:29;9490626562.43
04.04.2020, 19:30;15961267709.71
06.04.2020, 19:29;7980633854.86
07.04.2020, 19:29;5643160316.93
08.04.2020, 19:29;2372656640.61
08.04.2020, 19:30;3990316927.43
09.04.2020, 19:29;15961267709.71
09.04.2020, 19:30;45145282535.48
10.04.2020, 19:29;22572641267.74
10.04.2020, 19:30;63845070838.84
10.04.2020, 19:31;107374182400.0
11.04.2020, 19:29;31922535419.42
12.04.2020, 19:29;45145282535.48
13.04.2020, 19:29;22572641267.74
14.04.2020, 19:13;31922535419.42
15.04.2020, 18:57;45145282535.48
15.04.2020, 18:58;90290565070.96
16.04.2020, 18:42;63845070838.84
17.04.2020, 18:26;107374182400.0
18.04.2020, 18:10;75925012499.4
20.04.2020, 17:38;63845070838.84
20.04.2020, 17:39;107374182400.0
22.04.2020, 17:07;45145282535.48
22.04.2020, 17:08;75925012499.4
23.04.2020, 16:51;9490626562.43
23.04.2020, 16:52;18981253124.85
24.04.2020, 16:35;352697519.81
24.04.2020, 16:36;593164160.15
24.04.2020, 16:37;997579231.86
24.04.2020, 16:38;1995158463.71
24.04.2020, 16:39;3990316927.43
24.04.2020, 16:40;6710886400.0
25.04.2020, 16:19;1410790079.23
25.04.2020, 16:20;2821580158.47
26.04.2020, 16:03;4745313281.21
27.04.2020, 15:48;1677721600.0
27.04.2020, 15:49;3355443200.0
28.04.2020, 15:32;1186328320.3
28.04.2020, 15:33;2372656640.61
28.04.2020, 15:34;5643160316.93
29.04.2020, 15:16;3990316927.43
29.04.2020, 15:17;7980633854.86
30.04.2020, 15:00;997579231.86
30.04.2020, 15:01;1677721600.0
30.04.2020, 15:02;2821580158.47
01.05.2020, 14:44;352697519.81
01.05.2020, 14:45;593164160.15
02.05.2020, 14:28;88174379.95
02.05.2020, 14:29;176348759.9
03.05.2020, 14:13;124697403.98
04.05.2020, 13:57;74145520.02
05.05.2020, 13:41;52428800.0
05.05.2020, 13:42;104857600.0
06.05.2020, 13:25;148291040.04
07.05.2020, 13:09;37072760.01
07.05.2020, 13:10;62348701.99
08.05.2020, 12:53;88174379.95
09.05.2020, 12:38;31174351.0
09.05.2020, 12:39;52428800.0
11.05.2020, 12:06;15587175.5
11.05.2020, 12:07;26214400.0
12.05.2020, 11:50;37072760.01
13.05.2020, 11:34;9268190.0
13.05.2020, 11:35;18536380.0
14.05.2020, 11:19;44087189.98
18.05.2020, 10:15;148291040.04
19.05.2020, 09:59;209715200.0
20.05.2020, 09:44;296582080.08
20.05.2020, 09:45;498789615.93
21.05.2020, 09:28;705395039.62
22.05.2020, 09:12;352697519.81
22.05.2020, 09:13;997579231.86
22.05.2020, 09:14;1677721600.0
22.05.2020, 09:15;2821580158.47
24.05.2020, 08:40;296582080.08
25.05.2020, 08:24;419430400.0
25.05.2020, 08:25;705395039.62
25.05.2020, 08:26;1995158463.71
26.05.2020, 08:09;209715200.0
26.05.2020, 08:10;997579231.86
27.05.2020, 07:53;296582080.08
27.05.2020, 07:54;498789615.93
27.05.2020, 07:55;1410790079.23
28.05.2020, 07:37;62348701.99
28.05.2020, 07:38;104857600.0
28.05.2020, 07:39;176348759.9
30.05.2020, 07:05;74145520.02
01.06.2020, 06:34;31174351.0
01.06.2020, 06:35;52428800.0
02.06.2020, 06:18;148291040.04
02.06.2020, 06:19;249394807.96
03.06.2020, 06:02;352697519.81
04.06.2020, 05:46;104857600.0
04.06.2020, 05:47;176348759.9
06.06.2020, 05:15;74145520.02
06.06.2020, 05:16;124697403.98
07.06.2020, 04:59;37072760.01
08.06.2020, 04:43;18536380.0
08.06.2020, 04:44;52428800.0
09.06.2020, 04:27;26214400.0
09.06.2020, 04:28;74145520.02
10.06.2020, 04:11;5510898.75
10.06.2020, 04:12;11021797.49
10.06.2020, 04:13;37072760.01
11.06.2020, 03:55;3276800.0
11.06.2020, 03:56;7793587.75
11.06.2020, 03:57;15587175.5
12.06.2020, 03:40;4634095.0
13.06.2020, 03:24;6553600.0
15.06.2020, 02:52;1638400.0
15.06.2020, 02:53;2755449.37
15.06.2020, 02:54;4634095.0
17.06.2020, 02:20;1158523.75
17.06.2020, 02:21;1948396.94
19.06.2020, 01:49;974198.47
19.06.2020, 01:50;1638400.0
21.06.2020, 01:17;1158523.75
22.06.2020, 01:01;2317047.5
23.06.2020, 00:46;3276800.0
23.06.2020, 00:47;6553600.0
23.06.2020, 00:48;11021797.49
23.06.2020, 00:49;22043594.99
23.06.2020, 00:50;37072760.01
24.06.2020, 00:30;4634095.0
24.06.2020, 00:31;15587175.5
25.06.2020, 00:14;7793587.75
25.06.2020, 23:59;11021797.49
26.06.2020, 00:00;18536380.0
28.06.2020, 23:11;9268190.0
29.06.2020, 22:55;4634095.0
30.06.2020, 22:39;2317047.5
30.06.2020, 22:40;6553600.0
01.07.2020, 22:23;1638400.0
01.07.2020, 22:24;3276800.0
01.07.2020, 22:25;9268190.0
03.07.2020, 21:51;3896793.87
05.07.2020, 21:20;4634095.0
05.07.2020, 21:21;7793587.75
07.07.2020, 20:48;6553600.0
07.07.2020, 20:49;11021797.49
07.07.2020, 20:50;22043594.99
08.07.2020, 20:32;15587175.5
09.07.2020, 20:17;5510898.75
09.07.2020, 20:18;9268190.0
11.07.2020, 19:45;6553600.0
11.07.2020, 19:46;11021797.49
12.07.2020, 18:58;15587175.5
13.07.2020, 18:11;7793587.75
13.07.2020, 18:12;22043594.99
13.07.2020, 18:13;37072760.01
13.07.2020, 18:14;62348701.99
13.07.2020, 18:15;104857600.0
13.07.2020, 18:16;176348759.9
13.07.2020, 18:17;296582080.08
13.07.2020, 18:18;498789615.93
14.07.2020, 17:24;2755449.37
14.07.2020, 17:25;5510898.75
14.07.2020, 17:26;11021797.49
15.07.2020, 16:37;3896793.87
16.07.2020, 15:50;6553600.0
17.07.2020, 15:03;3276800.0
17.07.2020, 15:04;9268190.0
18.07.2020, 14:16;4634095.0
19.07.2020, 13:29;51200.0
19.07.2020, 13:30;102400.0
19.07.2020, 13:31;172215.59
19.07.2020, 13:32;409600.0
19.07.2020, 13:33;688862.34
19.07.2020, 13:34;1377724.69
19.07.2020, 13:35;2755449.37
19.07.2020, 13:36;6553600.0
20.07.2020, 12:42;72407.73
20.07.2020, 12:43;243549.62
21.07.2020, 11:55;121774.81
21.07.2020, 11:56;344431.17
22.07.2020, 11:08;86107.79
22.07.2020, 11:09;172215.59
23.07.2020, 10:21;243549.62
24.07.2020, 09:34;60887.4
24.07.2020, 09:35;102400.0
25.07.2020, 08:48;144815.47
26.07.2020, 08:01;72407.73
26.07.2020, 08:02;204800.0
27.07.2020, 07:14;102400.0
27.07.2020, 07:15;289630.94
28.07.2020, 06:27;21526.95
28.07.2020, 06:28;36203.87
28.07.2020, 06:29;60887.4
30.07.2020, 04:53;25600.0
31.07.2020, 04:06;18101.93
31.07.2020, 04:07;36203.87
01.08.2020, 03:19;475.68
01.08.2020, 03:20;800.0
01.08.2020, 03:21;1345.43
01.08.2020, 03:22;2690.87
01.08.2020, 03:23;5381.74
01.08.2020, 03:24;9050.97
02.08.2020, 02:32;200.0
02.08.2020, 02:33;336.36
03.08.2020, 01:45;84.09
03.08.2020, 01:46;141.42
03.08.2020, 01:47;565.69
04.08.2020, 00:58;237.84
04.08.2020, 00:59;400.0
05.08.2020, 00:11;100.0
05.08.2020, 00:12;168.18
06.08.2020, 22:37;118.92
07.08.2020, 21:50;50.0
07.08.2020, 21:51;84.09
07.08.2020, 21:52;168.18
08.08.2020, 21:03;29.73
09.08.2020, 20:16;42.04
09.08.2020, 20:17;70.71
09.08.2020, 20:18;118.92
10.08.2020, 19:29;2.63
10.08.2020, 19:30;4.42
10.08.2020, 19:31;7.43
10.08.2020, 19:32;12.5
10.08.2020, 19:33;21.02
11.08.2020, 18:42;0.93
11.08.2020, 18:43;1.56
12.08.2020, 17:55;2.21
13.08.2020, 17:08;1.1
14.08.2020, 16:21;1.56
15.08.2020, 15:34;0.93
15.08.2020, 15:35;2.21
16.08.2020, 14:48;0.14
16.08.2020, 14:49;0.33
16.08.2020, 14:50;0.55
17.08.2020, 14:01;0.2
18.08.2020, 13:14;0.12
20.08.2020, 11:40;0.03
20.08.2020, 11:41;0.06
21.08.2020, 10:53;0.01
22.08.2020, 10:06;0.02
22.08.2020, 10:07;0.04
22.08.2020, 10:08;0.07
23.08.2020, 09:19;0.03
23.08.2020, 09:20;0.1
23.08.2020, 09:21;0.16
23.08.2020, 09:22;0.28
24.08.2020, 08:32;0.05
25.08.2020, 07:45;0.02
25.08.2020, 07:46;0.03
27.08.2020, 06:11;0.01
27.08.2020, 06:12;0.02
28.08.2020, 05:24;0.0
28.08.2020, 05:25;0.0
28.08.2020, 05:26;0.0
28.08.2020, 05:27;0.01
28.08.2020, 05:28;0.01
29.08.2020, 04:37;0.0
29.08.2020, 04:38;0.01
30.08.2020, 03:50;0.0
30.08.2020, 03:51;0.01
30.08.2020, 03:52;0.02
31.08.2020, 03:03;0.01
01.09.2020, 02:16;0.01
01.09.2020, 02:17;0.02
03.09.2020, 00:42;0.01
03.09.2020, 00:43;0.02
03.09.2020, 23:57;0.03
03.09.2020, 23:58;0.05
04.09.2020, 23:08;0.0
04.09.2020, 23:09;0.0
04.09.2020, 23:10;0.01
04.09.2020, 23:11;0.01
04.09.2020, 23:12;0.02
05.09.2020, 22:21;0.0
05.09.2020, 22:22;0.0
06.09.2020, 21:34;0.0
06.09.2020, 21:35;0.0
06.09.2020, 21:36;0.01
07.09.2020, 20:48;0.0
07.09.2020, 20:49;0.0
08.09.2020, 20:01;0.0
08.09.2020, 20:02;0.0
09.09.2020, 19:14;0.0
09.09.2020, 19:15;0.0
09.09.2020, 19:16;0.0
10.09.2020, 18:27;0.0
10.09.2020, 18:28;0.0
11.09.2020, 17:40;0.0
11.09.2020, 17:41;0.0
11.09.2020, 17:42;0.0
11.09.2020, 17:43;0.0
12.09.2020, 16:53;0.0
12.09.2020, 16:54;0.0
12.09.2020, 16:55;0.0
12.09.2020, 16:56;0.0
12.09.2020, 16:57;0.0
13.09.2020, 16:06;0.0
14.09.2020, 15:19;0.0
15.09.2020, 14:32;0.0
16.09.2020, 13:45;0.0
16.09.2020, 13:46;0.0
16.09.2020, 13:47;0.0
