08.01.2018, 14:56;23673.56
09.01.2018, 12:00;24045.19
10.01.2018, 09:04;23307.67
20.01.2018, 00:48;27880.02
20.01.2018, 00:49;30373.79
20.01.2018, 00:50;32075.65
20.01.2018, 00:51;33090.62
20.01.2018, 00:52;35493.28
20.01.2018, 00:53;38368.05
20.01.2018, 00:54;39275.06
20.01.2018, 21:59;36616.4
20.01.2018, 22:00;37482.0
21.01.2018, 18:56;38070.4
21.01.2018, 18:57;38970.37
21.01.2018, 18:58;39891.61
22.01.2018, 16:00;40517.84
22.01.2018, 16:01;41475.67
22.01.2018, 16:02;42456.13
22.01.2018, 16:03;43459.78
22.01.2018, 16:04;45185.52
24.01.2018, 10:08;39582.14
26.01.2018, 04:16;35493.28
26.01.2018, 04:17;37482.0
26.01.2018, 04:18;38668.04
27.01.2018, 01:20;36902.69
27.01.2018, 01:21;38070.4
27.01.2018, 01:22;39275.06
27.01.2018, 22:27;41799.95
27.01.2018, 22:28;44834.98
28.01.2018, 19:28;40517.84
31.01.2018, 10:40;40834.63
02.02.2018, 04:48;39582.14
02.02.2018, 04:49;41153.9
03.02.2018, 01:52;43799.57
03.02.2018, 22:57;44487.15
06.02.2018, 14:08;44834.98
07.02.2018, 11:12;40834.63
08.02.2018, 08:16;39891.61
08.02.2018, 08:17;41475.67
09.02.2018, 08:32;40517.84
09.02.2018, 08:33;42126.76
09.02.2018, 08:34;44487.15
10.02.2018, 08:48;45185.52
10.02.2018, 08:49;47347.11
11.02.2018, 09:04;45894.86
12.02.2018, 09:20;46615.33
13.02.2018, 09:36;48466.38
14.02.2018, 09:53;46979.8
14.02.2018, 09:54;49227.22
15.02.2018, 10:09;47717.3
15.02.2018, 10:10;50390.93
20.02.2018, 11:30;45894.86
22.02.2018, 12:02;50000.0
22.02.2018, 12:03;51181.98
27.02.2018, 13:23;51985.45
28.02.2018, 13:39;49612.1
28.02.2018, 13:40;50784.91
01.03.2018, 13:55;48466.38
02.03.2018, 14:11;49227.22
02.03.2018, 14:12;50390.93
02.03.2018, 14:13;56196.0
03.03.2018, 14:28;57078.18
03.03.2018, 14:29;58884.31
03.03.2018, 14:30;68275.42
04.03.2018, 14:44;69347.23
05.03.2018, 15:00;67745.75
05.03.2018, 15:01;70435.86
05.03.2018, 15:02;72100.94
06.03.2018, 15:16;66698.69
06.03.2018, 15:17;68809.24
06.03.2018, 15:18;73232.8
07.03.2018, 15:32;74382.43
07.03.2018, 15:33;76140.8
07.03.2018, 15:34;77940.73
07.03.2018, 15:35;79783.22
07.03.2018, 15:36;81669.27
07.03.2018, 15:37;83599.89
07.03.2018, 15:38;88974.31
08.03.2018, 15:49;61222.54
08.03.2018, 15:50;62669.82
08.03.2018, 15:51;66181.25
08.03.2018, 15:52;67745.75
08.03.2018, 15:53;72100.94
08.03.2018, 15:54;90371.05
12.03.2018, 16:53;63653.63
13.03.2018, 17:09;64652.88
13.03.2018, 17:10;66181.25
13.03.2018, 17:11;70435.86
14.03.2018, 17:26;54049.74
14.03.2018, 17:27;55327.45
14.03.2018, 17:28;60747.58
14.03.2018, 17:29;63159.81
15.03.2018, 17:42;51181.98
15.03.2018, 17:43;52391.9
16.03.2018, 17:58;42788.08
16.03.2018, 17:59;45538.81
16.03.2018, 18:00;46615.33
16.03.2018, 18:01;48466.38
17.03.2018, 18:14;47347.11
18.03.2018, 18:30;48845.32
19.03.2018, 18:47;49612.1
20.03.2018, 19:03;51181.98
20.03.2018, 19:04;54049.74
20.03.2018, 19:05;55327.45
21.03.2018, 19:19;51985.45
21.03.2018, 19:20;53214.36
23.03.2018, 19:51;52391.9
23.03.2018, 19:52;53630.43
25.03.2018, 20:24;51985.45
27.03.2018, 20:56;49612.1
29.03.2018, 21:28;49227.22
01.04.2018, 22:17;46979.8
02.04.2018, 22:33;43459.78
02.04.2018, 22:34;44487.15
02.04.2018, 22:35;46253.69
03.04.2018, 22:49;45185.52
04.04.2018, 23:05;39891.61
04.04.2018, 23:06;40834.63
04.04.2018, 23:07;43122.62
04.04.2018, 23:08;44142.02
04.04.2018, 23:09;45894.86
04.04.2018, 23:10;46979.8
05.04.2018, 23:22;41475.67
05.04.2018, 23:23;42456.13
05.04.2018, 23:24;44834.98
06.04.2018, 23:38;45538.81
06.04.2018, 23:39;46615.33
10.04.2018, 00:26;45894.86
10.04.2018, 00:27;47717.3
12.04.2018, 00:59;44142.02
12.04.2018, 01:00;45185.52
13.04.2018, 01:15;43122.62
13.04.2018, 01:16;48845.32
17.04.2018, 02:20;57974.21
18.04.2018, 02:36;58884.31
20.04.2018, 03:08;66181.25
23.04.2018, 03:57;64652.88
24.04.2018, 04:13;62669.82
25.04.2018, 04:29;56635.37
25.04.2018, 04:30;59808.69
26.04.2018, 04:45;57524.45
28.04.2018, 05:18;56196.0
03.05.2018, 06:38;59808.69
04.05.2018, 06:55;61701.21
04.05.2018, 06:56;63653.63
08.05.2018, 07:59;60276.31
09.05.2018, 08:16;58427.49
11.05.2018, 08:00;56196.0
16.05.2018, 05:24;53630.43
17.05.2018, 04:53;54472.33
18.05.2018, 04:21;53214.36
23.05.2018, 01:45;49612.1
23.05.2018, 01:46;50784.91
25.05.2018, 00:42;50000.0
29.05.2018, 22:06;49612.1
31.05.2018, 21:03;48090.38
31.05.2018, 21:04;49227.22
03.06.2018, 19:29;55327.45
03.06.2018, 19:30;57078.18
04.06.2018, 18:58;56196.0
04.06.2018, 18:59;57974.21
05.06.2018, 18:26;61701.21
05.06.2018, 18:27;70986.57
06.06.2018, 17:55;65667.82
06.06.2018, 17:56;67220.18
10.06.2018, 15:50;64652.88
13.06.2018, 14:16;64151.31
19.06.2018, 11:08;61701.21
23.06.2018, 09:03;60747.58
25.06.2018, 08:00;54472.33
25.06.2018, 08:01;60276.31
27.06.2018, 06:58;50390.93
27.06.2018, 06:59;52391.9
28.06.2018, 06:26;48845.32
30.06.2018, 05:24;50784.91
01.07.2018, 04:53;55327.45
03.07.2018, 03:50;58427.49
03.07.2018, 03:51;60276.31
03.07.2018, 03:52;62183.63
05.07.2018, 02:47;64652.88
05.07.2018, 02:48;66181.25
07.07.2018, 01:45;63653.63
08.07.2018, 01:13;58427.49
08.07.2018, 01:14;61701.21
08.07.2018, 01:15;64652.88
09.07.2018, 00:42;54898.23
09.07.2018, 00:43;56635.37
10.07.2018, 00:11;53214.36
14.07.2018, 21:34;54472.33
17.07.2018, 20:00;53214.36
19.07.2018, 18:58;51985.45
20.07.2018, 18:26;49227.22
20.07.2018, 18:27;50390.93
21.07.2018, 17:55;51181.98
22.07.2018, 17:24;48845.32
27.07.2018, 14:47;52801.53
05.08.2018, 10:06;54898.23
07.08.2018, 09:03;52391.9
07.08.2018, 09:04;53630.43
11.08.2018, 06:58;49612.1
11.08.2018, 06:59;51181.98
12.08.2018, 06:26;48090.38
12.08.2018, 06:27;50390.93
12.08.2018, 06:28;51985.45
14.08.2018, 05:24;52391.9
16.08.2018, 04:21;50000.0
18.08.2018, 03:19;51582.15
19.08.2018, 02:47;50390.93
19.08.2018, 02:48;52391.9
23.08.2018, 00:42;51181.98
24.08.2018, 23:40;50784.91
25.08.2018, 23:08;51582.15
26.08.2018, 22:37;54472.33
31.08.2018, 20:00;54898.23
01.09.2018, 19:29;54049.74
05.09.2018, 17:24;51985.45
06.09.2018, 16:53;50000.0
08.09.2018, 15:50;55327.45
10.09.2018, 14:47;56196.0
12.09.2018, 13:45;56635.37
12.09.2018, 13:46;62183.63
13.09.2018, 13:13;57524.45
13.09.2018, 13:14;58884.31
13.09.2018, 13:15;60276.31
13.09.2018, 13:16;63159.81
13.09.2018, 13:17;64652.88
14.09.2018, 12:42;61701.21
14.09.2018, 12:43;74382.43
14.09.2018, 12:44;77940.73
15.09.2018, 12:11;72664.66
15.09.2018, 12:12;75550.1
15.09.2018, 12:13;79164.27
16.09.2018, 11:40;84253.53
16.09.2018, 11:41;86245.25
16.09.2018, 11:42;88284.05
16.09.2018, 11:43;90371.05
16.09.2018, 11:44;93230.66
18.09.2018, 10:37;88974.31
19.09.2018, 10:06;90371.05
21.09.2018, 09:03;84253.53
21.09.2018, 09:04;86245.25
22.09.2018, 08:32;81035.68
22.09.2018, 08:33;87599.15
23.09.2018, 08:00;88974.31
23.09.2018, 08:01;91077.62
25.09.2018, 06:58;90371.05
25.09.2018, 06:59;92507.39
26.09.2018, 06:26;84912.27
26.09.2018, 06:27;93959.59
27.09.2018, 05:55;91077.62
28.09.2018, 05:24;97690.63
28.09.2018, 05:25;100000.0
28.09.2018, 05:26;102363.96
29.09.2018, 04:53;104783.8
29.09.2018, 04:54;131335.64
30.09.2018, 04:21;127307.25
30.09.2018, 04:22;133397.38
30.09.2018, 04:23;136550.84
30.09.2018, 04:24;140871.72
30.09.2018, 04:25;144201.87
30.09.2018, 04:26;153472.22
01.10.2018, 03:50;155881.47
02.10.2018, 03:19;158328.54
02.10.2018, 03:20;162071.36
02.10.2018, 03:21;165902.67
03.10.2018, 02:47;147610.75
03.10.2018, 02:48;151100.21
03.10.2018, 02:49;173839.12
04.10.2018, 02:16;97690.63
04.10.2018, 02:17;100000.0
04.10.2018, 02:18;105603.06
04.10.2018, 02:19;108099.48
04.10.2018, 02:20;120552.61
04.10.2018, 02:21;127307.25
04.10.2018, 02:22;134440.36
05.10.2018, 01:45;103970.9
05.10.2018, 01:46;112392.0
05.10.2018, 01:47;115048.9
06.10.2018, 01:13;108944.66
06.10.2018, 01:14;116854.97
07.10.2018, 00:42;110654.91
07.10.2018, 00:43;113270.74
08.10.2018, 23:40;114156.36
09.10.2018, 23:08;115948.42
10.10.2018, 22:37;109796.45
10.10.2018, 22:38;112392.0
11.10.2018, 22:06;115048.9
11.10.2018, 22:07;117768.61
11.10.2018, 22:08;121495.16
11.10.2018, 22:09;124367.26
13.10.2018, 21:03;112392.0
16.10.2018, 19:29;102363.96
16.10.2018, 19:30;106428.73
16.10.2018, 19:31;108944.66
17.10.2018, 18:58;103970.9
17.10.2018, 18:59;110654.91
17.10.2018, 19:00;115948.42
18.10.2018, 18:26;91077.62
18.10.2018, 18:27;100000.0
18.10.2018, 18:28;105603.06
18.10.2018, 18:29;112392.0
18.10.2018, 18:30;118689.39
19.10.2018, 17:55;88974.31
20.10.2018, 17:24;90371.05
21.10.2018, 16:53;87599.15
22.10.2018, 16:21;86245.25
23.10.2018, 15:50;102363.96
23.10.2018, 15:51;104783.8
23.10.2018, 15:52;107260.85
23.10.2018, 15:53;110654.91
26.10.2018, 14:16;90371.05
26.10.2018, 14:17;93230.66
29.10.2018, 12:42;86245.25
29.10.2018, 12:43;88284.05
30.10.2018, 12:11;81669.27
31.10.2018, 11:40;83599.89
31.10.2018, 11:41;86919.56
31.10.2018, 11:42;88974.31
01.11.2018, 11:08;81035.68
01.11.2018, 11:09;90371.05
01.11.2018, 11:10;96180.76
02.11.2018, 10:37;84253.53
02.11.2018, 10:38;87599.15
03.11.2018, 09:34;80407.01
03.11.2018, 09:35;88974.31
04.11.2018, 08:32;90371.05
05.11.2018, 07:29;86919.56
05.11.2018, 07:30;92507.39
05.11.2018, 07:31;94694.22
05.11.2018, 07:32;99224.21
06.11.2018, 06:26;80407.01
06.11.2018, 06:27;85576.16
07.11.2018, 05:24;81669.27
08.11.2018, 04:21;67220.18
08.11.2018, 04:22;68809.24
08.11.2018, 04:23;72664.66
08.11.2018, 04:24;77336.08
09.11.2018, 03:19;61701.21
09.11.2018, 03:20;65158.37
10.11.2018, 02:16;62669.82
12.11.2018, 00:11;57974.21
12.11.2018, 00:12;59344.7
12.11.2018, 00:13;61701.21
12.11.2018, 00:14;63159.81
12.11.2018, 23:12;65158.37
12.11.2018, 23:13;69889.42
12.11.2018, 23:14;72664.66
13.11.2018, 22:06;70986.57
13.11.2018, 22:07;73805.37
13.11.2018, 22:08;75550.1
14.11.2018, 21:03;69347.23
14.11.2018, 21:04;72100.94
15.11.2018, 20:00;73232.8
15.11.2018, 20:01;74963.99
16.11.2018, 18:58;76140.8
18.11.2018, 16:53;74963.99
18.11.2018, 16:54;76736.11
18.11.2018, 16:55;78550.12
18.11.2018, 16:56;81035.68
18.11.2018, 16:57;82951.33
19.11.2018, 15:50;72664.66
20.11.2018, 14:47;64652.88
20.11.2018, 14:48;68809.24
20.11.2018, 14:49;70435.86
21.11.2018, 13:45;52801.53
21.11.2018, 13:46;54472.33
21.11.2018, 13:47;60276.31
21.11.2018, 13:48;65667.82
21.11.2018, 13:49;67220.18
21.11.2018, 13:50;72100.94
22.11.2018, 12:42;48090.38
22.11.2018, 12:43;50000.0
22.11.2018, 12:44;51181.98
23.11.2018, 11:40;51985.45
24.11.2018, 10:37;50390.93
25.11.2018, 09:34;41475.67
25.11.2018, 09:35;44834.98
25.11.2018, 09:36;49612.1
26.11.2018, 08:32;42126.76
27.11.2018, 07:29;35217.93
27.11.2018, 07:30;36050.47
27.11.2018, 07:31;37482.0
27.11.2018, 07:32;38368.05
27.11.2018, 07:33;39275.06
27.11.2018, 07:34;41153.9
27.11.2018, 07:35;42788.08
28.11.2018, 06:26;41799.95
28.11.2018, 06:27;43459.78
29.11.2018, 05:24;42456.13
30.11.2018, 04:21;43122.62
01.12.2018, 03:19;42126.76
01.12.2018, 03:20;43799.57
02.12.2018, 02:16;42788.08
03.12.2018, 01:13;50390.93
04.12.2018, 00:11;62669.82
04.12.2018, 00:12;70435.86
04.12.2018, 00:13;73232.8
04.12.2018, 23:11;68809.24
04.12.2018, 23:12;71541.58
04.12.2018, 23:13;74382.43
05.12.2018, 22:06;75550.1
06.12.2018, 21:03;70986.57
06.12.2018, 21:04;73232.8
07.12.2018, 20:00;72100.94
07.12.2018, 20:01;74382.43
07.12.2018, 20:02;76140.8
08.12.2018, 18:58;70435.86
08.12.2018, 18:59;77940.73
09.12.2018, 17:55;75550.1
09.12.2018, 17:56;79164.27
09.12.2018, 17:57;82951.33
10.12.2018, 16:53;76736.11
11.12.2018, 15:50;71541.58
14.12.2018, 12:42;70986.57
15.12.2018, 11:40;68275.42
15.12.2018, 11:41;69889.42
17.12.2018, 09:34;67745.75
17.12.2018, 09:35;69347.23
19.12.2018, 07:29;68275.42
20.12.2018, 06:26;69347.23
22.12.2018, 04:21;68275.42
23.12.2018, 03:19;58427.49
23.12.2018, 03:20;64652.88
24.12.2018, 02:16;57524.45
24.12.2018, 02:17;59344.7
24.12.2018, 02:18;60747.58
25.12.2018, 01:13;55327.45
27.12.2018, 22:06;55327.45
28.12.2018, 21:03;56196.0
28.12.2018, 21:04;57524.45
29.12.2018, 20:00;53214.36
29.12.2018, 20:01;54472.33
30.12.2018, 18:58;50000.0
01.01.2019, 16:53;49612.1
03.01.2019, 14:47;51582.15
06.01.2019, 11:40;53630.43
11.01.2019, 06:26;56635.37
13.01.2019, 04:21;54049.74
13.01.2019, 04:22;55760.03
17.01.2019, 00:11;52801.53
17.01.2019, 23:09;51985.45
19.01.2019, 21:03;52391.9
23.01.2019, 16:53;54898.23
26.01.2019, 14:47;54472.33
30.01.2019, 14:47;57078.18
01.02.2019, 14:47;54472.33
01.02.2019, 14:48;55760.03
06.02.2019, 14:47;66181.25
09.02.2019, 14:47;67220.18
11.02.2019, 14:47;66181.25
12.02.2019, 14:47;63159.81
12.02.2019, 14:48;65158.37
13.02.2019, 14:47;60747.58
14.02.2019, 14:47;57524.45
15.02.2019, 14:47;56635.37
15.02.2019, 14:48;58427.49
16.02.2019, 14:47;59344.7
18.02.2019, 14:47;54049.74
18.02.2019, 14:48;55327.45
19.02.2019, 14:47;48090.38
19.02.2019, 14:48;51181.98
20.02.2019, 14:47;46615.33
22.02.2019, 14:47;43799.57
22.02.2019, 14:48;44834.98
28.02.2019, 14:47;45894.86
14.03.2019, 14:47;45894.86
19.03.2019, 14:47;47347.11
21.03.2019, 14:47;47717.3
21.03.2019, 14:48;48845.32
22.03.2019, 14:47;44487.15
23.03.2019, 14:47;45185.52
24.03.2019, 14:47;45894.86
27.03.2019, 14:47;44487.15
28.03.2019, 14:47;38668.04
28.03.2019, 14:48;40834.63
31.03.2019, 14:47;42456.13
01.04.2019, 14:47;43122.62
01.04.2019, 14:48;44487.15
01.04.2019, 14:49;45894.86
01.04.2019, 14:50;46979.8
01.04.2019, 14:51;48845.32
02.04.2019, 14:47;40834.63
02.04.2019, 14:48;41799.95
03.04.2019, 14:47;38668.04
04.04.2019, 14:47;37482.0
04.04.2019, 14:48;39275.06
04.04.2019, 14:49;40203.51
05.04.2019, 14:47;38070.4
06.04.2019, 14:47;40517.84
08.04.2019, 14:47;43799.57
08.04.2019, 14:48;44834.98
09.04.2019, 14:47;45894.86
09.04.2019, 14:48;48845.32
10.04.2019, 14:47;49612.1
11.04.2019, 14:47;55760.03
11.04.2019, 14:48;57078.18
11.04.2019, 14:49;58427.49
12.04.2019, 14:47;60747.58
13.04.2019, 14:47;61701.21
14.04.2019, 14:47;62669.82
15.04.2019, 14:47;57974.21
15.04.2019, 14:48;60747.58
15.04.2019, 14:49;63653.63
16.04.2019, 14:47;53214.36
16.04.2019, 14:48;54472.33
16.04.2019, 14:49;56635.37
16.04.2019, 14:50;58884.31
17.04.2019, 14:47;57524.45
18.04.2019, 14:47;58427.49
19.04.2019, 14:47;59808.69
21.04.2019, 14:47;60747.58
23.04.2019, 14:47;54049.74
23.04.2019, 14:48;56635.37
23.04.2019, 14:49;60276.31
24.04.2019, 14:47;50390.93
24.04.2019, 14:48;52391.9
25.04.2019, 14:47;51181.98
26.04.2019, 14:47;51985.45
28.04.2019, 14:47;54049.74
29.04.2019, 14:47;54898.23
30.04.2019, 14:47;55760.03
30.04.2019, 14:48;60276.31
30.04.2019, 14:49;61701.21
01.05.2019, 14:47;59344.7
02.05.2019, 14:47;60747.58
02.05.2019, 14:48;62183.63
03.05.2019, 14:47;63159.81
04.05.2019, 14:47;64151.31
05.05.2019, 14:47;61701.21
06.05.2019, 14:47;64652.88
07.05.2019, 14:47;65667.82
07.05.2019, 14:48;67220.18
07.05.2019, 14:49;68809.24
07.05.2019, 14:50;70435.86
09.05.2019, 14:47;61222.54
09.05.2019, 14:48;64652.88
12.05.2019, 14:47;59344.7
14.05.2019, 14:47;65158.37
14.05.2019, 14:48;66698.69
14.05.2019, 14:49;68275.42
15.05.2019, 14:47;74963.99
16.05.2019, 14:47;76736.11
19.05.2019, 14:47;76140.8
21.05.2019, 14:47;81035.68
21.05.2019, 14:48;84253.53
23.05.2019, 14:47;77336.08
24.05.2019, 14:47;74382.43
26.05.2019, 14:47;73232.8
27.05.2019, 14:47;68275.42
27.05.2019, 14:48;70435.86
02.06.2019, 14:47;66698.69
04.06.2019, 14:47;64151.31
11.06.2019, 14:47;69889.42
13.06.2019, 14:47;69347.23
15.06.2019, 14:47;74382.43
16.06.2019, 14:47;75550.1
16.06.2019, 14:48;78550.12
17.06.2019, 14:47;76736.11
18.06.2019, 14:47;77940.73
18.06.2019, 14:48;79783.22
20.06.2019, 14:47;80407.01
23.06.2019, 14:47;79783.22
25.06.2019, 14:47;70986.57
25.06.2019, 14:48;76736.11
26.06.2019, 14:47;72100.94
26.06.2019, 14:48;73805.37
26.06.2019, 14:49;75550.1
27.06.2019, 14:47;77336.08
28.06.2019, 14:47;73232.8
29.06.2019, 14:47;74382.43
29.06.2019, 14:48;76736.11
29.06.2019, 14:49;79164.27
30.06.2019, 14:47;61701.21
30.06.2019, 14:48;63159.81
30.06.2019, 14:49;65667.82
30.06.2019, 14:50;67220.18
30.06.2019, 14:51;68809.24
30.06.2019, 14:52;70435.86
30.06.2019, 14:53;72664.66
01.07.2019, 14:47;71541.58
02.07.2019, 14:47;63653.63
02.07.2019, 14:48;66181.25
02.07.2019, 14:49;67745.75
02.07.2019, 14:50;69347.23
03.07.2019, 14:47;60747.58
06.07.2019, 14:47;60747.58
06.07.2019, 14:48;64652.88
07.07.2019, 14:47;63653.63
07.07.2019, 14:48;65667.82
07.07.2019, 14:49;78550.12
08.07.2019, 14:47;68275.42
08.07.2019, 14:48;69889.42
08.07.2019, 14:49;71541.58
08.07.2019, 14:50;73232.8
08.07.2019, 14:51;74963.99
09.07.2019, 14:47;79164.27
10.07.2019, 14:47;72100.94
10.07.2019, 14:48;73805.37
10.07.2019, 14:49;77940.73
11.07.2019, 14:47;79783.22
12.07.2019, 14:47;78550.12
13.07.2019, 14:47;76140.8
14.07.2019, 14:47;77336.08
15.07.2019, 14:47;78550.12
16.07.2019, 14:47;76140.8
16.07.2019, 14:48;79783.22
17.07.2019, 14:47;77336.08
17.07.2019, 14:48;81035.68
17.07.2019, 14:49;83599.89
18.07.2019, 14:47;79164.27
18.07.2019, 14:48;82307.8
19.07.2019, 14:47;84253.53
20.07.2019, 14:47;90371.05
20.07.2019, 14:48;92507.39
20.07.2019, 14:49;94694.22
20.07.2019, 14:50;96932.76
21.07.2019, 14:47;84912.27
21.07.2019, 14:48;86919.56
21.07.2019, 14:49;88974.31
23.07.2019, 14:47;84253.53
24.07.2019, 14:47;85576.16
26.07.2019, 14:00;83599.89
27.07.2019, 13:13;81669.27
28.07.2019, 12:26;72100.94
28.07.2019, 12:27;73805.37
28.07.2019, 12:28;77940.73
28.07.2019, 12:29;80407.01
28.07.2019, 12:30;82951.33
29.07.2019, 11:40;76736.11
30.07.2019, 10:53;81669.27
03.08.2019, 07:45;83599.89
04.08.2019, 06:58;80407.01
05.08.2019, 06:11;81669.27
06.08.2019, 05:24;76140.8
06.08.2019, 05:25;78550.12
10.08.2019, 02:16;73805.37
12.08.2019, 00:42;76140.8
15.08.2019, 21:34;73805.37
16.08.2019, 20:47;74963.99
17.08.2019, 20:00;77940.73
17.08.2019, 20:01;79783.22
17.08.2019, 20:02;86245.25
18.08.2019, 19:13;81035.68
18.08.2019, 19:14;82951.33
18.08.2019, 19:15;84912.27
19.08.2019, 18:26;74963.99
19.08.2019, 18:27;78550.12
20.08.2019, 17:40;70986.57
20.08.2019, 17:41;72664.66
22.08.2019, 16:06;68275.42
23.08.2019, 15:19;69347.23
24.08.2019, 14:32;73805.37
24.08.2019, 14:33;75550.1
24.08.2019, 14:34;77336.08
25.08.2019, 13:45;71541.58
26.08.2019, 12:58;73232.8
26.08.2019, 12:59;74963.99
28.08.2019, 11:24;73805.37
29.08.2019, 10:37;72664.66
30.08.2019, 09:50;78550.12
31.08.2019, 09:03;76736.11
31.08.2019, 09:04;79783.22
01.09.2019, 08:16;77940.73
01.09.2019, 08:17;85576.16
01.09.2019, 08:18;88974.31
02.09.2019, 07:29;87599.15
02.09.2019, 07:30;100000.0
03.09.2019, 06:42;96932.76
04.09.2019, 05:55;98454.43
05.09.2019, 05:08;94694.22
06.09.2019, 04:21;96180.76
07.09.2019, 03:34;93959.59
08.09.2019, 02:47;91077.62
09.09.2019, 02:00;92507.39
10.09.2019, 01:13;93959.59
11.09.2019, 23:40;94694.22
13.09.2019, 22:06;95434.6
14.09.2019, 21:19;96932.76
15.09.2019, 20:32;94694.22
15.09.2019, 20:33;98454.43
18.09.2019, 18:11;106428.73
18.09.2019, 18:12;109796.45
19.09.2019, 17:24;108099.48
21.09.2019, 15:50;108944.66
26.09.2019, 11:55;105603.06
27.09.2019, 11:08;103970.9
29.09.2019, 09:34;104783.8
02.10.2019, 07:13;103164.3
04.10.2019, 05:40;99224.21
04.10.2019, 05:41;101569.83
05.10.2019, 04:53;103164.3
09.10.2019, 01:45;106428.73
09.10.2019, 01:46;108944.66
10.10.2019, 00:58;104783.8
11.10.2019, 00:11;102363.96
11.10.2019, 23:25;99224.21
17.10.2019, 18:42;96932.76
21.10.2019, 15:34;96932.76
23.10.2019, 14:00;93230.66
23.10.2019, 14:01;95434.6
23.10.2019, 14:02;100781.86
24.10.2019, 13:13;90371.05
27.10.2019, 10:53;91077.62
28.10.2019, 10:06;87599.15
29.10.2019, 09:19;85576.16
30.10.2019, 08:32;86919.56
31.10.2019, 07:45;81669.27
31.10.2019, 07:46;83599.89
01.11.2019, 06:58;77940.73
14.11.2019, 20:00;75550.1
16.11.2019, 18:26;73232.8
17.11.2019, 17:40;71541.58
20.11.2019, 15:19;79783.22
21.11.2019, 14:32;91077.62
23.11.2019, 12:58;96180.76
24.11.2019, 12:11;97690.63
25.11.2019, 11:24;99224.21
25.11.2019, 11:25;101569.83
25.11.2019, 11:26;103970.9
26.11.2019, 10:37;105603.06
30.11.2019, 07:29;106428.73
02.12.2019, 05:55;93230.66
02.12.2019, 05:56;97690.63
02.12.2019, 05:57;100000.0
02.12.2019, 05:58;102363.96
03.12.2019, 05:08;91789.72
04.12.2019, 04:21;87599.15
05.12.2019, 03:34;84912.27
09.12.2019, 00:26;88284.05
11.12.2019, 22:06;93230.66
13.12.2019, 20:32;91789.72
13.12.2019, 20:33;93959.59
13.12.2019, 20:34;96180.76
14.12.2019, 19:45;86245.25
14.12.2019, 19:46;88284.05
14.12.2019, 19:47;90371.05
15.12.2019, 18:58;83599.89
16.12.2019, 18:11;81669.27
16.12.2019, 18:12;84912.27
16.12.2019, 18:13;86919.56
17.12.2019, 17:24;76736.11
17.12.2019, 17:25;78550.12
17.12.2019, 17:26;82951.33
18.12.2019, 16:37;79783.22
19.12.2019, 15:50;77940.73
20.12.2019, 15:03;79164.27
21.12.2019, 14:16;73232.8
21.12.2019, 14:17;74963.99
21.12.2019, 14:18;76736.11
22.12.2019, 13:29;77940.73
22.12.2019, 13:30;79783.22
23.12.2019, 12:42;73805.37
24.12.2019, 11:55;69347.23
25.12.2019, 11:08;70435.86
26.12.2019, 10:21;68809.24
27.12.2019, 09:34;69889.42
27.12.2019, 09:35;71541.58
28.12.2019, 08:47;74963.99
28.12.2019, 08:48;76736.11
29.12.2019, 08:00;73805.37
30.12.2019, 07:13;70986.57
30.12.2019, 07:14;76140.8
31.12.2019, 06:26;66698.69
31.12.2019, 06:27;69889.42
01.01.2020, 05:40;68275.42
02.01.2020, 04:53;69347.23
04.01.2020, 03:19;70986.57
05.01.2020, 02:32;74382.43
05.01.2020, 02:33;76140.8
06.01.2020, 01:45;77336.08
06.01.2020, 01:46;81669.27
06.01.2020, 01:47;84912.27
07.01.2020, 00:58;83599.89
08.01.2020, 23:24;84253.53
08.01.2020, 23:25;87599.15
08.01.2020, 23:26;89669.96
09.01.2020, 22:37;76736.11
09.01.2020, 22:38;78550.12
09.01.2020, 22:39;82951.33
09.01.2020, 22:40;91789.72
09.01.2020, 22:41;94694.22
10.01.2020, 21:50;65667.82
10.01.2020, 21:51;67745.75
10.01.2020, 21:52;69889.42
10.01.2020, 21:53;71541.58
10.01.2020, 21:54;73232.8
11.01.2020, 21:03;56635.37
11.01.2020, 21:04;59808.69
11.01.2020, 21:05;61222.54
11.01.2020, 21:06;62669.82
11.01.2020, 21:07;64151.31
11.01.2020, 21:08;66698.69
11.01.2020, 21:09;68809.24
12.01.2020, 20:16;54898.23
12.01.2020, 20:17;57524.45
12.01.2020, 20:18;58884.31
12.01.2020, 20:19;65158.37
12.01.2020, 20:20;70435.86
13.01.2020, 19:29;67745.75
13.01.2020, 19:30;69347.23
13.01.2020, 19:31;77940.73
13.01.2020, 19:32;81035.68
13.01.2020, 19:33;92507.39
13.01.2020, 19:34;106428.73
14.01.2020, 19:29;102363.96
14.01.2020, 19:30;108099.48
15.01.2020, 19:29;93959.59
15.01.2020, 19:30;105603.06
15.01.2020, 19:31;109796.45
15.01.2020, 19:32;112392.0
15.01.2020, 19:33;115948.42
15.01.2020, 19:34;126319.61
15.01.2020, 19:35;133397.38
15.01.2020, 19:36;136550.84
16.01.2020, 19:29;95434.6
16.01.2020, 19:30;100000.0
16.01.2020, 19:31;103164.3
16.01.2020, 19:32;107260.85
16.01.2020, 19:33;114156.36
16.01.2020, 19:34;117768.61
16.01.2020, 19:35;120552.61
16.01.2020, 19:36;123402.43
17.01.2020, 19:29;87599.15
17.01.2020, 19:30;89669.96
17.01.2020, 19:31;93230.66
17.01.2020, 19:32;96932.76
17.01.2020, 19:33;101569.83
17.01.2020, 19:34;104783.8
18.01.2020, 19:29;82307.8
18.01.2020, 19:30;84253.53
18.01.2020, 19:31;86245.25
18.01.2020, 19:32;91077.62
18.01.2020, 19:33;94694.22
19.01.2020, 19:29;88284.05
19.01.2020, 19:30;92507.39
19.01.2020, 19:31;96180.76
19.01.2020, 19:32;99224.21
19.01.2020, 19:33;103970.9
20.01.2020, 19:29;84912.27
20.01.2020, 19:30;90371.05
20.01.2020, 19:31;93959.59
20.01.2020, 19:32;100781.86
21.01.2020, 19:29;91789.72
21.01.2020, 19:30;102363.96
22.01.2020, 19:29;93230.66
22.01.2020, 19:30;95434.6
22.01.2020, 19:31;98454.43
22.01.2020, 19:32;103970.9
22.01.2020, 19:33;113270.74
22.01.2020, 19:34;115948.42
22.01.2020, 19:35;118689.39
22.01.2020, 19:36;121495.16
22.01.2020, 19:37;124367.26
22.01.2020, 19:38;127307.25
22.01.2020, 19:39;130316.74
22.01.2020, 19:40;134440.36
23.01.2020, 19:29;88974.31
23.01.2020, 19:30;91077.62
23.01.2020, 19:31;96932.76
23.01.2020, 19:32;100000.0
24.01.2020, 19:29;77940.73
24.01.2020, 19:30;80407.01
24.01.2020, 19:31;85576.16
24.01.2020, 19:32;92507.39
24.01.2020, 19:33;94694.22
24.01.2020, 19:34;101569.83
24.01.2020, 19:35;104783.8
24.01.2020, 19:36;114156.36
24.01.2020, 19:37;120552.61
25.01.2020, 19:29;83599.89
25.01.2020, 19:30;86919.56
25.01.2020, 19:31;89669.96
25.01.2020, 19:32;125339.63
26.01.2020, 19:29;121495.16
26.01.2020, 19:30;143083.16
26.01.2020, 19:31;146465.59
26.01.2020, 19:32;152281.59
26.01.2020, 19:33;158328.54
26.01.2020, 19:34;168507.05
26.01.2020, 19:35;204727.92
26.01.2020, 19:36;224784.0
26.01.2020, 19:37;248734.52
27.01.2020, 19:29;171152.33
27.01.2020, 19:30;175198.3
27.01.2020, 19:31;179339.92
27.01.2020, 19:32;185014.77
27.01.2020, 19:33;207941.8
29.01.2020, 19:29;168507.05
29.01.2020, 19:30;177948.61
29.01.2020, 19:31;186461.32
29.01.2020, 19:32;204727.92
29.01.2020, 19:33;224784.0
30.01.2020, 19:29;183579.44
30.01.2020, 19:30;189388.45
30.01.2020, 19:31;193865.51
30.01.2020, 19:32;198448.42
30.01.2020, 19:33;207941.8
30.01.2020, 19:34;212857.46
30.01.2020, 19:35;217889.32
30.01.2020, 19:36;228312.72
30.01.2020, 19:37;262671.27
30.01.2020, 19:38;275236.95
31.01.2020, 19:29;201563.72
31.01.2020, 19:30;221309.81
31.01.2020, 19:31;231896.84
31.01.2020, 19:32;237378.79
31.01.2020, 19:33;242990.33
31.01.2020, 19:34;248734.52
31.01.2020, 19:35;254614.5
31.01.2020, 19:36;266794.76
01.02.2020, 19:29;177948.61
01.02.2020, 19:30;182155.25
01.02.2020, 19:31;186461.32
01.02.2020, 19:32;190869.19
01.02.2020, 19:33;195381.27
01.02.2020, 19:34;204727.92
01.02.2020, 19:35;209567.61
01.02.2020, 19:36;214521.7
01.02.2020, 19:37;224784.0
01.02.2020, 19:38;258611.52
01.02.2020, 19:39;270982.98
01.02.2020, 19:40;277388.91
01.02.2020, 19:41;302200.41
01.02.2020, 19:42;331805.33
02.02.2020, 19:29;198448.42
02.02.2020, 19:30;217889.32
02.02.2020, 19:31;228312.72
02.02.2020, 19:32;233709.94
02.02.2020, 19:33;239234.75
02.02.2020, 19:34;244890.16
02.02.2020, 19:35;250679.27
03.02.2020, 19:29;211206.13
03.02.2020, 19:30;221309.81
03.02.2020, 19:31;256605.23
04.02.2020, 19:29;235537.22
04.02.2020, 19:30;241105.23
04.02.2020, 19:31;260633.49
05.02.2020, 19:29;224784.0
05.02.2020, 19:30;231896.84
05.02.2020, 19:31;244890.16
05.02.2020, 19:32;290658.65
06.02.2020, 19:29;221309.81
06.02.2020, 19:30;228312.72
06.02.2020, 19:31;237378.79
06.02.2020, 19:32;248734.52
06.02.2020, 19:33;254614.5
06.02.2020, 19:34;262671.27
06.02.2020, 19:35;268880.72
06.02.2020, 19:36;275236.95
06.02.2020, 19:37;281743.44
06.02.2020, 19:38;295221.49
06.02.2020, 19:39;309344.31
06.02.2020, 19:40;321628.06
06.02.2020, 19:41;339649.08
06.02.2020, 19:42;347678.25
07.02.2020, 19:29;207941.8
07.02.2020, 19:30;233709.94
07.02.2020, 19:31;241105.23
07.02.2020, 19:32;258611.52
07.02.2020, 19:33;286166.33
07.02.2020, 19:34;299855.96
07.02.2020, 19:35;314200.48
07.02.2020, 19:36;353136.2
07.02.2020, 19:37;370029.54
07.02.2020, 19:38;378776.89
08.02.2020, 19:29;211206.13
08.02.2020, 19:30;216198.96
08.02.2020, 19:31;223040.14
08.02.2020, 19:32;230097.8
08.02.2020, 19:33;244890.16
08.02.2020, 19:34;250679.27
08.02.2020, 19:35;264724.99
08.02.2020, 19:36;270982.98
08.02.2020, 19:37;277388.91
08.02.2020, 19:38;290658.65
09.02.2020, 19:29;219592.91
09.02.2020, 19:30;239234.75
09.02.2020, 19:31;260633.49
10.02.2020, 19:29;212857.46
10.02.2020, 19:30;231896.84
10.02.2020, 19:31;273101.68
11.02.2020, 19:29;216198.96
11.02.2020, 19:30;248734.52
12.02.2020, 19:29;211206.13
12.02.2020, 19:30;219592.91
12.02.2020, 19:31;224784.0
12.02.2020, 19:32;230097.8
12.02.2020, 19:33;252639.23
12.02.2020, 19:34;270982.98
13.02.2020, 19:29;190869.19
13.02.2020, 19:30;198448.42
13.02.2020, 19:31;206328.6
13.02.2020, 19:32;214521.7
14.02.2020, 19:29;164615.61
14.02.2020, 19:30;169824.54
14.02.2020, 19:31;179339.92
14.02.2020, 19:32;183579.44
14.02.2020, 19:33;201563.72
14.02.2020, 19:34;209567.61
15.02.2020, 19:29;138694.46
15.02.2020, 19:30;152281.59
15.02.2020, 19:31;157100.24
15.02.2020, 19:32;162071.36
16.02.2020, 19:29;132362.49
16.02.2020, 19:30;140871.72
16.02.2020, 19:31;144201.87
16.02.2020, 19:32;147610.75
16.02.2020, 19:33;154672.15
17.02.2020, 19:29;158328.54
19.02.2020, 19:29;182155.25
19.02.2020, 19:30;186461.32
19.02.2020, 19:31;193865.51
20.02.2020, 19:29;196908.87
20.02.2020, 19:30;203139.66
20.02.2020, 19:31;207941.8
20.02.2020, 19:32;216198.96
20.02.2020, 19:33;237378.79
20.02.2020, 19:34;242990.33
20.02.2020, 19:35;260633.49
21.02.2020, 19:29;200000.0
21.02.2020, 19:30;211206.13
21.02.2020, 19:31;219592.91
21.02.2020, 19:32;246804.86
21.02.2020, 19:33;254614.5
21.02.2020, 19:34;264724.99
22.02.2020, 19:29;193865.51
22.02.2020, 19:30;204727.92
23.02.2020, 19:29;196908.87
23.02.2020, 19:30;201563.72
25.02.2020, 19:29;193865.51
25.02.2020, 19:30;198448.42
25.02.2020, 19:31;203139.66
26.02.2020, 19:29;206328.6
26.02.2020, 19:30;219592.91
27.02.2020, 19:29;209567.61
27.02.2020, 19:30;214521.7
28.02.2020, 19:29;204727.92
28.02.2020, 19:30;217889.32
28.02.2020, 19:31;223040.14
29.02.2020, 19:29;207941.8
29.02.2020, 19:30;212857.46
29.02.2020, 19:31;226541.49
29.02.2020, 19:32;231896.84
29.02.2020, 19:33;237378.79
29.02.2020, 19:34;242990.33
29.02.2020, 19:35;252639.23
01.03.2020, 19:29;192361.52
01.03.2020, 19:30;196908.87
01.03.2020, 19:31;201563.72
02.03.2020, 19:29;204727.92
03.03.2020, 19:29;195381.27
03.03.2020, 19:30;200000.0
04.03.2020, 19:29;203139.66
04.03.2020, 19:30;212857.46
05.03.2020, 19:29;207941.8
05.03.2020, 19:30;216198.96
05.03.2020, 19:31;221309.81
05.03.2020, 19:32;226541.49
06.03.2020, 19:29;201563.72
06.03.2020, 19:30;211206.13
06.03.2020, 19:31;230097.8
07.03.2020, 19:29;204727.92
07.03.2020, 19:30;214521.7
07.03.2020, 19:31;219592.91
08.03.2020, 19:29;195381.27
08.03.2020, 19:30;200000.0
08.03.2020, 19:31;207941.8
10.03.2020, 19:29;237378.79
10.03.2020, 19:30;270982.98
11.03.2020, 19:29;241105.23
11.03.2020, 19:30;246804.86
11.03.2020, 19:31;252639.23
11.03.2020, 19:32;258611.52
11.03.2020, 19:33;264724.99
12.03.2020, 19:29;268880.72
13.03.2020, 19:29;242990.33
13.03.2020, 19:30;248734.52
13.03.2020, 19:31;254614.5
13.03.2020, 19:32;260633.49
13.03.2020, 19:33;273101.68
13.03.2020, 19:34;290658.65
13.03.2020, 19:35;297529.7
13.03.2020, 19:36;304563.19
14.03.2020, 19:29;209567.61
14.03.2020, 19:30;214521.7
14.03.2020, 19:31;219592.91
14.03.2020, 19:32;231896.84
14.03.2020, 19:33;266794.76
17.03.2020, 19:29;183579.44
17.03.2020, 19:30;192361.52
17.03.2020, 19:31;196908.87
17.03.2020, 19:32;201563.72
18.03.2020, 19:29;165902.67
18.03.2020, 19:30;172490.49
18.03.2020, 19:31;176568.1
19.03.2020, 19:29;158328.54
19.03.2020, 19:30;163338.53
19.03.2020, 19:31;168507.05
20.03.2020, 19:29;138694.46
20.03.2020, 19:30;143083.16
20.03.2020, 19:31;147610.75
20.03.2020, 19:32;171152.33
20.03.2020, 19:33;175198.3
21.03.2020, 19:29;185014.77
21.03.2020, 19:30;189388.45
22.03.2020, 19:29;192361.52
23.03.2020, 19:29;186461.32
24.03.2020, 19:29;189388.45
24.03.2020, 19:30;193865.51
25.03.2020, 19:29;196908.87
25.03.2020, 19:30;201563.72
25.03.2020, 19:31;206328.6
25.03.2020, 19:32;211206.13
26.03.2020, 19:29;190869.19
26.03.2020, 19:30;248734.52
26.03.2020, 19:31;254614.5
26.03.2020, 19:32;260633.49
27.03.2020, 19:29;297529.7
27.03.2020, 19:30;319132.89
27.03.2020, 19:31;326677.06
27.03.2020, 19:32;342304.65
28.03.2020, 19:29;331805.33
28.03.2020, 19:30;347678.25
28.03.2020, 19:31;355897.22
28.03.2020, 19:32;367158.88
28.03.2020, 19:33;375838.37
28.03.2020, 19:34;400000.0
28.03.2020, 19:35;409455.84
29.03.2020, 19:29;337014.11
30.03.2020, 19:29;344980.99
31.03.2020, 19:29;292931.19
31.03.2020, 19:30;324142.73
01.04.2020, 19:29;279557.7
01.04.2020, 19:30;286166.33
01.04.2020, 19:31;297529.7
01.04.2020, 19:32;304563.19
01.04.2020, 19:33;311762.94
02.04.2020, 19:29;290658.65
03.04.2020, 19:29;295221.49
03.04.2020, 19:30;309344.31
04.04.2020, 19:29;326677.06
04.04.2020, 19:30;337014.11
05.04.2020, 19:29;331805.33
07.04.2020, 19:29;324142.73
08.04.2020, 19:29;329231.21
08.04.2020, 19:30;339649.08
08.04.2020, 19:31;353136.2
09.04.2020, 19:29;400000.0
09.04.2020, 19:30;432397.91
10.04.2020, 19:29;406279.31
10.04.2020, 19:30;415883.59
10.04.2020, 19:31;425714.92
10.04.2020, 19:32;439185.82
11.04.2020, 19:29;367158.88
12.04.2020, 19:29;375838.37
12.04.2020, 19:30;384723.04
12.04.2020, 19:31;393817.74
13.04.2020, 19:29;364310.49
14.04.2020, 19:13;286166.33
14.04.2020, 19:14;302200.41
14.04.2020, 19:15;331805.33
14.04.2020, 19:16;339649.08
14.04.2020, 19:17;381738.39
14.04.2020, 19:18;390762.53
15.04.2020, 18:57;264724.99
15.04.2020, 18:58;277388.91
15.04.2020, 18:59;290658.65
16.04.2020, 18:42;268880.72
17.04.2020, 18:26;211206.13
17.04.2020, 18:27;223040.14
17.04.2020, 18:28;246804.86
17.04.2020, 18:29;256605.23
18.04.2020, 18:10;226541.49
19.04.2020, 17:54;230097.8
20.04.2020, 17:38;224784.0
21.04.2020, 17:22;212857.46
21.04.2020, 17:23;231896.84
21.04.2020, 17:24;237378.79
23.04.2020, 16:51;189388.45
23.04.2020, 16:52;193865.51
23.04.2020, 16:53;200000.0
23.04.2020, 16:54;211206.13
23.04.2020, 16:55;226541.49
24.04.2020, 16:35;196908.87
24.04.2020, 16:36;203139.66
24.04.2020, 16:37;207941.8
24.04.2020, 16:38;214521.7
25.04.2020, 16:19;224784.0
25.04.2020, 16:20;230097.8
25.04.2020, 16:21;239234.75
25.04.2020, 16:22;244890.16
26.04.2020, 16:03;248734.52
28.04.2020, 15:32;250679.27
28.04.2020, 15:33;273101.68
28.04.2020, 15:34;286166.33
28.04.2020, 15:35;299855.96
28.04.2020, 15:36;309344.31
29.04.2020, 15:16;290658.65
29.04.2020, 15:17;304563.19
29.04.2020, 15:18;314200.48
29.04.2020, 15:19;334399.58
29.04.2020, 15:20;342304.65
30.04.2020, 15:00;275236.95
30.04.2020, 15:01;283946.27
30.04.2020, 15:02;295221.49
30.04.2020, 15:03;319132.89
01.05.2020, 14:44;246804.86
01.05.2020, 14:45;254614.5
01.05.2020, 14:46;288403.74
01.05.2020, 14:47;299855.96
02.05.2020, 14:28;250679.27
03.05.2020, 14:13;242990.33
04.05.2020, 13:57;224784.0
04.05.2020, 13:58;233709.94
05.05.2020, 13:41;216198.96
05.05.2020, 13:42;228312.72
05.05.2020, 13:43;237378.79
06.05.2020, 13:25;231896.84
06.05.2020, 13:26;241105.23
06.05.2020, 13:27;246804.86
06.05.2020, 13:28;252639.23
06.05.2020, 13:29;258611.52
07.05.2020, 13:09;224784.0
07.05.2020, 13:10;235537.22
07.05.2020, 13:11;262671.27
08.05.2020, 12:53;186461.32
08.05.2020, 12:54;206328.6
08.05.2020, 12:55;211206.13
08.05.2020, 12:56;228312.72
08.05.2020, 12:57;239234.75
09.05.2020, 12:38;201563.72
09.05.2020, 12:39;216198.96
09.05.2020, 12:40;231896.84
10.05.2020, 12:22;204727.92
11.05.2020, 12:06;187919.18
11.05.2020, 12:07;200000.0
12.05.2020, 11:50;171152.33
12.05.2020, 11:51;190869.19
12.05.2020, 11:52;203139.66
13.05.2020, 11:34;152281.59
13.05.2020, 11:35;155881.47
13.05.2020, 11:36;159566.45
13.05.2020, 11:37;163338.53
15.05.2020, 11:03;151100.21
15.05.2020, 11:04;154672.15
16.05.2020, 10:47;145329.32
18.05.2020, 10:15;163338.53
19.05.2020, 09:59;165902.67
19.05.2020, 10:00;169824.54
19.05.2020, 10:01;173839.12
20.05.2020, 09:44;162071.36
21.05.2020, 09:28;153472.22
21.05.2020, 09:29;157100.24
21.05.2020, 09:30;164615.61
21.05.2020, 09:31;168507.05
21.05.2020, 09:32;172490.49
22.05.2020, 09:12;175198.3
22.05.2020, 09:13;179339.92
22.05.2020, 09:14;183579.44
22.05.2020, 09:15;192361.52
22.05.2020, 09:16;198448.42
23.05.2020, 08:56;169824.54
23.05.2020, 08:57;195381.27
25.05.2020, 08:24;192361.52
25.05.2020, 08:25;206328.6
26.05.2020, 08:09;209567.61
26.05.2020, 08:10;214521.7
26.05.2020, 08:11;219592.91
26.05.2020, 08:12;224784.0
26.05.2020, 08:13;230097.8
26.05.2020, 08:14;235537.22
26.05.2020, 08:15;241105.23
26.05.2020, 08:16;246804.86
26.05.2020, 08:17;252639.23
26.05.2020, 08:18;258611.52
26.05.2020, 08:19;266794.76
26.05.2020, 08:20;273101.68
28.05.2020, 07:37;192361.52
28.05.2020, 07:38;204727.92
28.05.2020, 07:39;211206.13
28.05.2020, 07:40;216198.96
28.05.2020, 07:41;221309.81
28.05.2020, 07:42;226541.49
28.05.2020, 07:43;231896.84
29.05.2020, 07:21;183579.44
29.05.2020, 07:22;189388.45
29.05.2020, 07:23;196908.87
31.05.2020, 06:50;180742.1
01.06.2020, 06:34;175198.3
02.06.2020, 06:18;207941.8
02.06.2020, 06:19;216198.96
03.06.2020, 06:02;211206.13
03.06.2020, 06:03;219592.91
04.06.2020, 05:46;214521.7
04.06.2020, 05:47;223040.14
04.06.2020, 05:48;228312.72
04.06.2020, 05:49;233709.94
05.06.2020, 05:30;237378.79
05.06.2020, 05:31;246804.86
06.06.2020, 05:15;230097.8
07.06.2020, 04:59;226541.49
08.06.2020, 04:43;192361.52
08.06.2020, 04:44;200000.0
08.06.2020, 04:45;219592.91
09.06.2020, 04:27;209567.61
09.06.2020, 04:28;216198.96
09.06.2020, 04:29;223040.14
09.06.2020, 04:30;228312.72
10.06.2020, 04:11;231896.84
11.06.2020, 03:55;200000.0
11.06.2020, 03:56;211206.13
11.06.2020, 03:57;217889.32
11.06.2020, 03:58;224784.0
11.06.2020, 03:59;235537.22
12.06.2020, 03:40;177948.61
12.06.2020, 03:41;186461.32
12.06.2020, 03:42;207941.8
12.06.2020, 03:43;214521.7
14.06.2020, 03:08;164615.61
15.06.2020, 02:52;155881.47
15.06.2020, 02:53;162071.36
15.06.2020, 02:54;167199.79
16.06.2020, 02:36;137618.47
16.06.2020, 02:37;148764.85
16.06.2020, 02:38;153472.22
17.06.2020, 02:20;128302.61
17.06.2020, 02:21;133397.38
17.06.2020, 02:22;139778.85
18.06.2020, 02:05;122445.08
18.06.2020, 02:06;130316.74
18.06.2020, 02:07;135491.49
19.06.2020, 01:49;132362.49
19.06.2020, 01:50;137618.47
21.06.2020, 01:17;131335.64
21.06.2020, 01:18;135491.49
21.06.2020, 01:19;139778.85
22.06.2020, 01:01;137618.47
22.06.2020, 01:02;141973.14
22.06.2020, 01:03;145329.32
22.06.2020, 01:04;148764.85
23.06.2020, 00:46;158328.54
23.06.2020, 00:47;164615.61
24.06.2020, 00:30;139778.85
24.06.2020, 00:31;143083.16
24.06.2020, 00:32;154672.15
24.06.2020, 00:33;160814.03
24.06.2020, 00:34;167199.79
24.06.2020, 00:35;171152.33
24.06.2020, 00:36;175198.3
25.06.2020, 00:14;145329.32
25.06.2020, 23:59;140871.72
26.06.2020, 23:42;138694.46
26.06.2020, 23:43;143083.16
27.06.2020, 23:26;135491.49
27.06.2020, 23:27;145329.32
28.06.2020, 23:11;137618.47
28.06.2020, 23:12;140871.72
29.06.2020, 22:55;130316.74
29.06.2020, 22:56;134440.36
29.06.2020, 22:57;143083.16
29.06.2020, 22:58;146465.59
30.06.2020, 22:39;136550.84
30.06.2020, 22:40;154672.15
30.06.2020, 22:41;158328.54
01.07.2020, 22:23;144201.87
01.07.2020, 22:24;147610.75
01.07.2020, 22:25;151100.21
02.07.2020, 22:07;155881.47
05.07.2020, 21:20;159566.45
05.07.2020, 21:21;163338.53
06.07.2020, 21:04;165902.67
06.07.2020, 21:05;169824.54
07.07.2020, 20:48;160814.03
07.07.2020, 20:49;172490.49
07.07.2020, 20:50;176568.1
07.07.2020, 20:51;180742.1
07.07.2020, 20:52;192361.52
08.07.2020, 20:32;151100.21
08.07.2020, 20:33;158328.54
08.07.2020, 20:34;168507.05
09.07.2020, 20:17;140871.72
09.07.2020, 20:18;144201.87
09.07.2020, 20:19;147610.75
10.07.2020, 20:01;149927.98
10.07.2020, 20:02;153472.22
11.07.2020, 19:45;143083.16
11.07.2020, 19:46;146465.59
11.07.2020, 19:47;155881.47
12.07.2020, 18:58;152281.59
12.07.2020, 18:59;158328.54
12.07.2020, 19:00;162071.36
13.07.2020, 18:11;144201.87
13.07.2020, 18:12;154672.15
13.07.2020, 18:13;164615.61
13.07.2020, 18:14;168507.05
13.07.2020, 18:15;172490.49
13.07.2020, 18:16;176568.1
13.07.2020, 18:17;195381.27
13.07.2020, 18:18;200000.0
13.07.2020, 18:19;204727.92
14.07.2020, 17:24;157100.24
14.07.2020, 17:25;160814.03
14.07.2020, 17:26;179339.92
14.07.2020, 17:27;183579.44
14.07.2020, 17:28;187919.18
14.07.2020, 17:29;192361.52
14.07.2020, 17:30;207941.8
15.07.2020, 16:37;143083.16
15.07.2020, 16:38;152281.59
15.07.2020, 16:39;163338.53
15.07.2020, 16:40;167199.79
15.07.2020, 16:41;171152.33
16.07.2020, 15:50;140871.72
16.07.2020, 15:51;145329.32
16.07.2020, 15:52;148764.85
16.07.2020, 15:53;154672.15
16.07.2020, 15:54;158328.54
17.07.2020, 15:03;151100.21
18.07.2020, 14:16;147610.75
18.07.2020, 14:17;153472.22
18.07.2020, 14:18;157100.24
19.07.2020, 13:29;93959.59
19.07.2020, 13:30;100000.0
19.07.2020, 13:31;104783.8
19.07.2020, 13:32;116854.97
19.07.2020, 13:33;119617.38
19.07.2020, 13:34;132362.49
20.07.2020, 12:42;97690.63
20.07.2020, 12:43;101569.83
20.07.2020, 12:44;106428.73
20.07.2020, 12:45;108944.66
20.07.2020, 12:46;111520.07
20.07.2020, 12:47;114156.36
20.07.2020, 12:48;121495.16
21.07.2020, 11:55;99224.21
21.07.2020, 11:56;103164.3
21.07.2020, 11:57;115948.42
21.07.2020, 11:58;118689.39
22.07.2020, 11:08;107260.85
22.07.2020, 11:09;120552.61
22.07.2020, 11:10;123402.43
22.07.2020, 11:11;134440.36
23.07.2020, 10:21;136550.84
25.07.2020, 08:48;145329.32
25.07.2020, 08:49;148764.85
25.07.2020, 08:50;152281.59
26.07.2020, 08:01;154672.15
27.07.2020, 07:14;143083.16
27.07.2020, 07:15;146465.59
27.07.2020, 07:16;149927.98
27.07.2020, 07:17;157100.24
27.07.2020, 07:18;169824.54
28.07.2020, 06:27;134440.36
28.07.2020, 06:28;137618.47
28.07.2020, 06:29;140871.72
28.07.2020, 06:30;152281.59
29.07.2020, 05:40;144201.87
29.07.2020, 05:41;147610.75
29.07.2020, 05:42;154672.15
30.07.2020, 04:53;138694.46
30.07.2020, 04:54;141973.14
31.07.2020, 04:06;145329.32
31.07.2020, 04:07;148764.85
31.07.2020, 04:08;153472.22
01.08.2020, 03:19;100000.0
01.08.2020, 03:20;102363.96
01.08.2020, 03:21;105603.06
01.08.2020, 03:22;108099.48
01.08.2020, 03:23;117768.61
01.08.2020, 03:24;130316.74
01.08.2020, 03:25;139778.85
01.08.2020, 03:26;155881.47
02.08.2020, 02:32;85576.16
02.08.2020, 02:33;88974.31
02.08.2020, 02:34;91789.72
02.08.2020, 02:35;97690.63
03.08.2020, 01:45;86919.56
03.08.2020, 01:46;90371.05
03.08.2020, 01:47;93230.66
03.08.2020, 01:48;95434.6
03.08.2020, 01:49;99224.21
03.08.2020, 01:50;101569.83
04.08.2020, 00:58;79783.22
04.08.2020, 00:59;82307.8
04.08.2020, 01:00;84253.53
04.08.2020, 01:01;88284.05
04.08.2020, 01:02;96932.76
05.08.2020, 00:11;85576.16
05.08.2020, 00:12;89669.96
05.08.2020, 00:13;91789.72
06.08.2020, 22:37;97690.63
06.08.2020, 22:38;103164.3
07.08.2020, 21:50;99224.21
07.08.2020, 21:51;101569.83
07.08.2020, 21:52;104783.8
07.08.2020, 21:53;107260.85
07.08.2020, 21:54;109796.45
07.08.2020, 21:55;117768.61
07.08.2020, 21:56;120552.61
08.08.2020, 21:03;96932.76
08.08.2020, 21:04;111520.07
08.08.2020, 21:05;114156.36
09.08.2020, 20:16;94694.22
09.08.2020, 20:17;98454.43
09.08.2020, 20:18;100781.86
09.08.2020, 20:19;103164.3
09.08.2020, 20:20;105603.06
09.08.2020, 20:21;108099.48
09.08.2020, 20:22;115948.42
09.08.2020, 20:23;118689.39
10.08.2020, 19:29;91077.62
10.08.2020, 19:30;93230.66
10.08.2020, 19:31;96180.76
10.08.2020, 19:32;112392.0
11.08.2020, 18:42;97690.63
11.08.2020, 18:43;103970.9
11.08.2020, 18:44;106428.73
13.08.2020, 17:08;103164.3
13.08.2020, 17:09;105603.06
14.08.2020, 16:21;96932.76
14.08.2020, 16:22;107260.85
15.08.2020, 15:34;82307.8
15.08.2020, 15:35;84253.53
15.08.2020, 15:36;87599.15
15.08.2020, 15:37;89669.96
16.08.2020, 14:48;80407.01
17.08.2020, 14:01;76140.8
17.08.2020, 14:02;81669.27
17.08.2020, 14:03;83599.89
19.08.2020, 12:27;75550.1
20.08.2020, 11:40;80407.01
21.08.2020, 10:53;82307.8
21.08.2020, 10:54;84253.53
21.08.2020, 10:55;86245.25
21.08.2020, 10:56;88284.05
22.08.2020, 10:06;89669.96
22.08.2020, 10:07;91789.72
22.08.2020, 10:08;93959.59
22.08.2020, 10:09;96180.76
22.08.2020, 10:10;100781.86
23.08.2020, 09:19;97690.63
23.08.2020, 09:20;102363.96
23.08.2020, 09:21;106428.73
24.08.2020, 08:32;87599.15
24.08.2020, 08:33;90371.05
24.08.2020, 08:34;92507.39
24.08.2020, 08:35;94694.22
24.08.2020, 08:36;100000.0
25.08.2020, 07:45;88974.31
25.08.2020, 07:46;96180.76
26.08.2020, 06:58;93230.66
26.08.2020, 06:59;97690.63
26.08.2020, 07:00;101569.83
27.08.2020, 06:11;86919.56
27.08.2020, 06:12;89669.96
27.08.2020, 06:13;91789.72
27.08.2020, 06:14;94694.22
27.08.2020, 06:15;100000.0
27.08.2020, 06:16;103164.3
28.08.2020, 05:24;88284.05
28.08.2020, 05:25;96180.76
29.08.2020, 04:37;76736.11
29.08.2020, 04:38;78550.12
29.08.2020, 04:39;80407.01
29.08.2020, 04:40;84253.53
29.08.2020, 04:41;86245.25
29.08.2020, 04:42;90371.05
29.08.2020, 04:43;92507.39
29.08.2020, 04:44;97690.63
30.08.2020, 03:50;93959.59
30.08.2020, 03:51;100000.0
30.08.2020, 03:52;102363.96
31.08.2020, 03:03;103970.9
31.08.2020, 03:04;106428.73
31.08.2020, 03:05;109796.45
03.09.2020, 00:42;92507.39
03.09.2020, 00:43;102363.96
03.09.2020, 23:57;93959.59
03.09.2020, 23:58;96180.76
03.09.2020, 23:59;98454.43
04.09.2020, 23:08;73805.37
04.09.2020, 23:09;75550.1
04.09.2020, 23:10;77336.08
04.09.2020, 23:11;79783.22
04.09.2020, 23:12;81669.27
04.09.2020, 23:13;83599.89
04.09.2020, 23:14;85576.16
04.09.2020, 23:15;87599.15
04.09.2020, 23:16;89669.96
04.09.2020, 23:17;91789.72
05.09.2020, 22:21;78550.12
05.09.2020, 22:22;93230.66
05.09.2020, 22:23;99224.21
05.09.2020, 22:24;101569.83
06.09.2020, 21:34;94694.22
06.09.2020, 21:35;103164.3
06.09.2020, 21:36;115948.42
06.09.2020, 21:37;127307.25
06.09.2020, 21:38;130316.74
07.09.2020, 20:48;100000.0
07.09.2020, 20:49;122445.08
07.09.2020, 20:50;125339.63
09.09.2020, 19:14;111520.07
09.09.2020, 19:15;114156.36
09.09.2020, 19:16;121495.16
09.09.2020, 19:17;124367.26
09.09.2020, 19:18;127307.25
09.09.2020, 19:19;130316.74
10.09.2020, 18:27;115948.42
10.09.2020, 18:28;118689.39
10.09.2020, 18:29;132362.49
10.09.2020, 18:30;135491.49
10.09.2020, 18:31;138694.46
10.09.2020, 18:32;141973.14
10.09.2020, 18:33;146465.59
10.09.2020, 18:34;149927.98
11.09.2020, 17:40;110654.91
11.09.2020, 17:41;113270.74
11.09.2020, 17:42;120552.61
11.09.2020, 17:43;123402.43
11.09.2020, 17:44;126319.61
11.09.2020, 17:45;129305.76
11.09.2020, 17:46;144201.87
12.09.2020, 16:53;104783.8
12.09.2020, 16:54;115048.9
12.09.2020, 16:55;117768.61
12.09.2020, 16:56;131335.64
13.09.2020, 16:06;100000.0
13.09.2020, 16:07;102363.96
13.09.2020, 16:08;106428.73
13.09.2020, 16:09;109796.45
13.09.2020, 16:10;112392.0
13.09.2020, 16:11;119617.38
13.09.2020, 16:12;128302.61
15.09.2020, 14:32;99224.21
16.09.2020, 13:45;81669.27
16.09.2020, 13:46;83599.89
16.09.2020, 13:47;86245.25
16.09.2020, 13:48;88284.05
16.09.2020, 13:49;91077.62
16.09.2020, 13:50;95434.6
16.09.2020, 13:51;97690.63
16.09.2020, 13:52;100781.86
16.09.2020, 13:53;108944.66
17.09.2020, 12:58;69347.23
17.09.2020, 12:59;72664.66
17.09.2020, 13:00;74382.43
17.09.2020, 13:01;76140.8
17.09.2020, 13:02;78550.12
17.09.2020, 13:03;84912.27
18.09.2020, 12:11;48845.32
18.09.2020, 12:12;54472.33
18.09.2020, 12:13;55760.03
18.09.2020, 12:14;61222.54
18.09.2020, 12:15;67745.75
19.09.2020, 11:24;42788.08
19.09.2020, 11:25;45185.52
19.09.2020, 11:26;46615.33
19.09.2020, 11:27;47717.3
20.09.2020, 10:37;43459.78
20.09.2020, 10:38;44487.15
20.09.2020, 10:39;45894.86
20.09.2020, 10:40;48466.38
21.09.2020, 09:50;46979.8
22.09.2020, 09:03;44834.98
23.09.2020, 08:16;43459.78
23.09.2020, 08:17;47347.11
23.09.2020, 08:18;48466.38
24.09.2020, 07:29;49227.22
24.09.2020, 07:30;50390.93
25.09.2020, 06:42;47717.3
25.09.2020, 06:43;51181.98
25.09.2020, 06:44;52391.9
26.09.2020, 05:55;48466.38
26.09.2020, 05:56;49612.1
26.09.2020, 05:57;53214.36
26.09.2020, 05:58;54472.33
27.09.2020, 05:08;44834.98
27.09.2020, 05:09;46253.69
29.09.2020, 03:34;44487.15
30.09.2020, 02:48;39891.61
30.09.2020, 02:49;40834.63
30.09.2020, 02:50;41799.95
01.10.2020, 02:01;36332.33
01.10.2020, 02:02;37482.0
01.10.2020, 02:03;38368.05
02.10.2020, 01:14;35770.79
02.10.2020, 01:15;36902.69
03.10.2020, 00:27;34944.71
03.10.2020, 23:41;33610.09
05.10.2020, 22:06;30850.61
05.10.2020, 22:07;31826.81
05.10.2020, 22:08;33872.87
07.10.2020, 17:24;36050.47
07.10.2020, 17:25;36902.69
08.10.2020, 15:03;34944.71
08.10.2020, 15:04;37482.0
09.10.2020, 12:42;32579.19
10.10.2020, 10:21;31826.81
12.10.2020, 05:40;30373.79
13.10.2020, 03:19;28317.69
13.10.2020, 03:20;28987.1
13.10.2020, 03:21;29904.34
14.10.2020, 00:58;26400.77
14.10.2020, 00:59;27880.02
14.10.2020, 01:00;30850.61
14.10.2020, 22:40;31826.81
14.10.2020, 22:41;32579.19
14.10.2020, 22:42;33349.35
14.10.2020, 22:43;34137.71
14.10.2020, 22:44;34944.71
16.10.2020, 17:55;32075.65
16.10.2020, 17:56;32833.91
16.10.2020, 17:57;33610.09
16.10.2020, 17:58;34404.62
18.10.2020, 13:14;30138.15
18.10.2020, 13:15;31826.81
18.10.2020, 13:16;32579.19
19.10.2020, 10:53;29213.74
19.10.2020, 10:54;31091.81
20.10.2020, 08:32;31579.9
20.10.2020, 08:33;32326.44
20.10.2020, 08:34;33610.09
21.10.2020, 06:11;32833.91
22.10.2020, 03:50;30373.79
22.10.2020, 03:51;31826.81
23.10.2020, 01:29;28539.09
23.10.2020, 01:30;30850.61
23.10.2020, 23:10;28987.1
24.10.2020, 20:48;29442.15
24.10.2020, 20:49;37191.21
25.10.2020, 18:27;39275.06
25.10.2020, 18:28;40517.84
25.10.2020, 18:29;41475.67
25.10.2020, 18:30;43459.78
25.10.2020, 18:31;45894.86
26.10.2020, 16:06;44142.02
31.10.2020, 04:21;41475.67
31.10.2020, 04:22;42456.13
31.10.2020, 04:23;43459.78
01.11.2020, 23:40;41799.95
02.11.2020, 21:19;39891.61
02.11.2020, 21:20;41153.9
06.11.2020, 11:55;40517.84
06.11.2020, 11:56;44142.02
06.11.2020, 11:57;46253.69
07.11.2020, 09:34;37775.05
07.11.2020, 09:35;41153.9
07.11.2020, 09:36;42126.76
07.11.2020, 09:37;43122.62
07.11.2020, 09:38;44834.98
08.11.2020, 07:14;34673.61
08.11.2020, 07:15;35493.28
08.11.2020, 07:16;36332.33
08.11.2020, 07:17;37191.21
08.11.2020, 07:18;38368.05
08.11.2020, 07:19;39275.06
08.11.2020, 07:20;40203.51
08.11.2020, 07:21;43799.57
08.11.2020, 07:22;45538.81
09.11.2020, 04:53;46253.69
09.11.2020, 04:54;57078.18
10.11.2020, 02:32;52801.53
10.11.2020, 02:33;54049.74
10.11.2020, 02:34;55760.03
11.11.2020, 21:50;52391.9
11.11.2020, 21:51;53630.43
12.11.2020, 19:29;54472.33
12.11.2020, 19:30;55760.03
12.11.2020, 19:31;57078.18
13.11.2020, 17:08;47717.3
13.11.2020, 17:09;51985.45
13.11.2020, 17:10;53214.36
14.11.2020, 14:48;48466.38
14.11.2020, 14:49;49612.1
14.11.2020, 14:50;50784.91
15.11.2020, 12:27;46615.33
15.11.2020, 12:28;51582.15
16.11.2020, 10:06;45185.52
16.11.2020, 10:07;47347.11
16.11.2020, 10:08;48845.32
16.11.2020, 10:09;50000.0
17.11.2020, 07:45;50784.91
19.11.2020, 03:03;50000.0
19.11.2020, 03:04;51181.98
20.11.2020, 00:42;47347.11
20.11.2020, 00:43;51985.45
20.11.2020, 00:44;54472.33
20.11.2020, 22:24;44834.98
21.11.2020, 20:01;45538.81
21.11.2020, 20:02;46615.33
22.11.2020, 17:40;42788.08
22.11.2020, 17:41;43799.57
23.11.2020, 15:19;44487.15
23.11.2020, 15:20;45894.86
24.11.2020, 12:58;46615.33
25.11.2020, 10:37;44142.02
25.11.2020, 10:38;47347.11
25.11.2020, 10:39;48466.38
25.11.2020, 10:40;49612.1
26.11.2020, 08:16;42126.76
26.11.2020, 08:17;43459.78
26.11.2020, 08:18;44834.98
26.11.2020, 08:19;50390.93
27.11.2020, 05:55;41475.67
27.11.2020, 05:56;42788.08
27.11.2020, 05:57;45538.81
27.11.2020, 05:58;46979.8
27.11.2020, 05:59;48090.38
27.11.2020, 06:00;49227.22
27.11.2020, 06:01;51181.98
27.11.2020, 06:02;52391.9
28.11.2020, 03:34;43799.57
28.11.2020, 03:35;46253.69
28.11.2020, 03:36;50000.0
28.11.2020, 03:37;53214.36
28.11.2020, 03:38;54472.33
28.11.2020, 03:39;58884.31
28.11.2020, 03:40;60276.31
28.11.2020, 03:41;61701.21
29.11.2020, 01:14;37775.05
29.11.2020, 01:15;41799.95
29.11.2020, 01:16;47347.11
29.11.2020, 01:17;51582.15
30.11.2020, 20:32;47717.3
